"site_id","n","lat_precision","lng_precision","lat","lng","files"
"010102",2,5,4,47.56038,-52.7115,"NO2_1990, NO2_1991, NO2_1992, NO2_1993, NO2_1994, NO2_1995, NO2_1997, NO2_1998, NO2_1999, NO2_2000, NO2_2001, NO2_2003, NO2_2004, O3_1989, O3_1990, O3_1991, O3_1992, O3_1993, O3_1994, O3_1995, O3_1996, O3_1997, O3_1998, O3_1999, O3_2000, O3_2001, O3_2003, O3_2004, PM25_1998, PM25_1999, PM25_2000, PM25_2001, PM25_2002, PM25_2003, PM25_2004"
"010102",2,5,5,47.56038,-52.71147,"NO2_2002, NO2_2005, NO2_2006, NO2_2008, NO2_2009, NO2_2010, NO2_2011, NO2_2012, NO2_2013, NO2_2014, NO2_2015, NO2_2016, NO2_2017, NO2_2018, NO2_2019, NO2_2020, NO2_2021, NO2_2022, NO2_2023, O3_2002, O3_2005, O3_2006, O3_2007, O3_2008, O3_2009, O3_2010, O3_2011, O3_2012, O3_2013, O3_2014, O3_2015, O3_2016, O3_2017, O3_2018, O3_2019, O3_2020, O3_2021, O3_2022, O3_2023, PM25_2005, PM25_2006, PM25_2007, PM25_2008, PM25_2009, PM25_2010, PM25_2011, PM25_2012, PM25_2013, PM25_2014, PM25_2015, PM25_2016, PM25_2017, PM25_2018, PM25_2019, PM25_2020, PM25_2021, PM25_2022, PM25_2023"
"010301",2,5,5,48.94948,-57.94539,"NO2_2002, NO2_2005, NO2_2006, NO2_2007, NO2_2008, O3_2002, O3_2005, O3_2006, O3_2007, O3_2008, PM25_2005, PM25_2006, PM25_2007, PM25_2008"
"010301",2,6,6,48.949479,-57.945387,"NO2_2001, NO2_2003, NO2_2004, O3_2001, O3_2003, O3_2004, PM25_2001, PM25_2002, PM25_2003, PM25_2004"
"010701",2,5,5,51.02199,-57.09557,"O3_2005, O3_2006, O3_2007, O3_2008, O3_2009"
"010701",2,6,6,51.021995,-57.095567,"O3_2004"
"030118",2,5,5,44.64642,-63.57338,"NO2_2002, O3_2002, O3_2014, O3_2015, O3_2016"
"030118",2,5,5,44.64643,-63.57338,"NO2_2005, NO2_2006, NO2_2007, NO2_2008, NO2_2010, NO2_2011, NO2_2012, NO2_2013, NO2_2014, NO2_2015, NO2_2016, NO2_2017, NO2_2018, O3_2005, O3_2006, O3_2007, O3_2008, O3_2009, O3_2010, O3_2011, O3_2012, O3_2013, O3_2017, O3_2018"
"030118",2,6,6,44.646425,-63.573383,"NO2_1990, NO2_1991, NO2_1992, NO2_1993, NO2_1994, NO2_1995, NO2_1996, NO2_1998, NO2_2000, NO2_2001, NO2_2004, O3_1990, O3_1991, O3_1992, O3_1993, O3_1994, O3_1995, O3_1996, O3_1998, O3_2000, O3_2001, O3_2003, O3_2004"
"030120",2,4,5,44.7198,-63.48076,"NO2_2006, NO2_2007, NO2_2008, NO2_2009, NO2_2010, NO2_2011, NO2_2012, NO2_2013, NO2_2014, NO2_2015, NO2_2016, NO2_2017, NO2_2018, NO2_2019, NO2_2020, NO2_2021, NO2_2022, NO2_2023, O3_2006, O3_2007, O3_2008, O3_2009, O3_2010, O3_2011, O3_2012, O3_2013, O3_2014, O3_2015, O3_2016, O3_2017, O3_2018, O3_2019, O3_2020, O3_2021, O3_2022, O3_2023, PM25_2005, PM25_2006, PM25_2007, PM25_2008, PM25_2009, PM25_2010, PM25_2011, PM25_2012, PM25_2013, PM25_2014, PM25_2015, PM25_2016, PM25_2017, PM25_2018, PM25_2019, PM25_2020, PM25_2021, PM25_2022, PM25_2023"
"030120",2,6,6,44.719799,-63.480754,"PM25_2001, PM25_2002, PM25_2003, PM25_2004"
"030501",2,5,5,44.43361,-65.20583,"O3_2002, O3_2005, O3_2006, O3_2007, O3_2008, O3_2009, O3_2010, O3_2011, O3_2012, O3_2013, O3_2014, O3_2015, O3_2016, PM25_2008, PM25_2009"
"030501",2,6,6,44.433611,-65.205833,"O3_1985, O3_1986, O3_1987, O3_1988, O3_1989, O3_1990, O3_1991, O3_1992, O3_1993, O3_1994, O3_1995, O3_1996, O3_1997, O3_1998, O3_1999, O3_2000, O3_2001, O3_2003, O3_2004, PM25_1998, PM25_1999, PM25_2000, PM25_2001, PM25_2002, PM25_2003, PM25_2004"
"031001",2,4,5,43.9323,-60.00929,"NO2_2005, NO2_2006, NO2_2007, NO2_2008, NO2_2010, NO2_2011, NO2_2012, O3_2005, O3_2006, O3_2007, O3_2008, O3_2009, O3_2010, O3_2011, O3_2012, O3_2013, PM25_2005, PM25_2006, PM25_2007, PM25_2008, PM25_2011, PM25_2012, PM25_2013, PM25_2014"
"031001",2,5,5,43.93307,-59.90365,"NO2_2003, NO2_2004, O3_2003, O3_2004"
"031101",2,5,4,45.06725,-64.4774,"O3_2003, O3_2004"
"031101",2,5,5,45.06728,-64.47742,"NO2_2016, NO2_2017, NO2_2018, NO2_2019, NO2_2020, NO2_2021, NO2_2022, NO2_2023, O3_2002, O3_2005, O3_2006, O3_2007, O3_2008, O3_2009, O3_2010, O3_2011, O3_2013, O3_2016, O3_2017, O3_2018, O3_2019, O3_2020, O3_2021, O3_2022, O3_2023, PM25_2016, PM25_2017, PM25_2018, PM25_2019, PM25_2020, PM25_2021, PM25_2022, PM25_2023"
"040103",2,5,5,45.95732,-66.64672,"NO2_2002, NO2_2005, NO2_2006, NO2_2007, NO2_2008, NO2_2009, NO2_2010, NO2_2011, NO2_2012, NO2_2013, NO2_2014, NO2_2015, NO2_2016, NO2_2017, O3_2002, O3_2005, O3_2006, O3_2007, O3_2008, O3_2009, O3_2010, O3_2011, O3_2012, O3_2013, O3_2014, O3_2015, O3_2016, O3_2017, PM25_2005, PM25_2006, PM25_2007, PM25_2008, PM25_2009, PM25_2010, PM25_2011, PM25_2012, PM25_2013, PM25_2014, PM25_2015, PM25_2016, PM25_2017"
"040103",2,6,6,45.957318,-66.646719,"NO2_1999, NO2_2000, NO2_2001, NO2_2003, NO2_2004, O3_1999, O3_2000, O3_2001, O3_2003, O3_2004, PM25_1999, PM25_2000, PM25_2001, PM25_2002, PM25_2003, PM25_2004"
"040203",2,5,5,45.30876,-66.00838,"NO2_2002, NO2_2005, NO2_2006, NO2_2007, NO2_2008, NO2_2009, NO2_2011, NO2_2012, NO2_2013, NO2_2014, NO2_2015, NO2_2016, NO2_2017, NO2_2018, NO2_2019, NO2_2020, NO2_2021, NO2_2022, NO2_2023, O3_2002, O3_2005, O3_2006, O3_2007, O3_2008, O3_2009, O3_2010, O3_2011, O3_2012, O3_2013, O3_2014, O3_2015, O3_2016, O3_2017, O3_2018, O3_2019, O3_2020, O3_2021, O3_2022, O3_2023, PM25_2005, PM25_2006, PM25_2007, PM25_2008, PM25_2009, PM25_2011, PM25_2012, PM25_2013, PM25_2014, PM25_2015, PM25_2016, PM25_2017, PM25_2018, PM25_2019, PM25_2020, PM25_2021, PM25_2022, PM25_2023"
"040203",2,6,6,45.308762,-66.008384,"NO2_1987, NO2_1988, NO2_1989, NO2_1990, NO2_1991, NO2_1992, NO2_1993, NO2_1994, NO2_1995, NO2_1996, NO2_1997, NO2_1998, NO2_1999, NO2_2000, NO2_2001, NO2_2003, NO2_2004, O3_1980, O3_1981, O3_1982, O3_1983, O3_1984, O3_1985, O3_1986, O3_1987, O3_1988, O3_1989, O3_1990, O3_1991, O3_1992, O3_1993, O3_1994, O3_1995, O3_1996, O3_1997, O3_1998, O3_1999, O3_2000, O3_2001, O3_2003, O3_2004, PM25_1996, PM25_1997, PM25_1998, PM25_1999, PM25_2000, PM25_2001, PM25_2002, PM25_2003, PM25_2004"
"040206",2,5,5,45.26968,-66.06151,"NO2_2002, NO2_2005, NO2_2006, NO2_2007, NO2_2008, NO2_2009, NO2_2010, NO2_2011, NO2_2012, NO2_2013, NO2_2014, NO2_2015, NO2_2016, O3_2002, O3_2005, O3_2006, O3_2007, O3_2008, O3_2009, O3_2010, O3_2011, O3_2012, O3_2013, O3_2014, O3_2015, O3_2016"
"040206",2,6,5,45.269677,-66.06151,"NO2_1991, NO2_1992, NO2_1993, NO2_1994, NO2_1995, NO2_1996, NO2_1997, NO2_1998, NO2_1999, NO2_2000, NO2_2001, NO2_2003, NO2_2004, O3_1991, O3_1992, O3_1993, O3_1994, O3_1995, O3_1996, O3_1997, O3_1998, O3_1999, O3_2000, O3_2001, O3_2003, O3_2004"
"040207",2,4,5,45.2529,-66.08007,"NO2_2008, NO2_2012, NO2_2014, NO2_2015, NO2_2016, NO2_2017, NO2_2018, NO2_2019, NO2_2020, O3_2005, O3_2006, O3_2007, O3_2008, O3_2009, O3_2010, O3_2011, O3_2012, O3_2013, O3_2017, O3_2018, O3_2019, O3_2020, PM25_2005, PM25_2006, PM25_2007, PM25_2008, PM25_2010, PM25_2011, PM25_2012, PM25_2013, PM25_2014, PM25_2015, PM25_2016, PM25_2017, PM25_2018"
"040207",2,4,5,45.2529,-66.08006,"NO2_2009, NO2_2021, NO2_2022, NO2_2023, O3_2002, O3_2014, O3_2015, O3_2016, O3_2021, O3_2022, O3_2023, PM25_2009, PM25_2019, PM25_2020, PM25_2021, PM25_2022, PM25_2023"
"040207",2,6,6,45.252898,-66.080065,"O3_1997, O3_1998, O3_1999, O3_2000, O3_2001, O3_2003, O3_2004"
"040302",2,5,5,46.10158,-64.78966,"NO2_2002, NO2_2005, NO2_2006, NO2_2007, NO2_2008, NO2_2009, NO2_2010, NO2_2011, NO2_2012, NO2_2013, NO2_2014, NO2_2015, NO2_2016, NO2_2017, NO2_2018, NO2_2019, NO2_2020, NO2_2021, NO2_2022, NO2_2023, O3_2002, O3_2005, O3_2006, O3_2007, O3_2008, O3_2009, O3_2010, O3_2011, O3_2012, O3_2013, O3_2014, O3_2015, O3_2016, O3_2017, O3_2018, O3_2019, O3_2020, O3_2021, O3_2022, O3_2023, PM25_2005, PM25_2006, PM25_2007, PM25_2008, PM25_2009, PM25_2010, PM25_2011, PM25_2012, PM25_2013, PM25_2014, PM25_2015, PM25_2016, PM25_2017, PM25_2018, PM25_2019, PM25_2020, PM25_2021, PM25_2022, PM25_2023"
"040302",2,6,6,46.101578,-64.789661,"NO2_1998, NO2_1999, NO2_2000, NO2_2001, NO2_2003, NO2_2004, O3_1998, O3_1999, O3_2000, O3_2001, O3_2003, O3_2004, PM25_1999, PM25_2000, PM25_2001, PM25_2002, PM25_2003, PM25_2004"
"040501",2,5,5,45.07327,-66.44957,"O3_2002, O3_2005, O3_2006, O3_2007, O3_2008, O3_2009, O3_2010, O3_2011, O3_2012, O3_2013, O3_2014, O3_2015"
"040501",2,6,6,45.073272,-66.449573,"O3_1986, O3_1987, O3_1988, O3_1989, O3_1990, O3_1991, O3_1992, O3_1993, O3_1994, O3_1995, O3_1996, O3_1997, O3_1999, O3_2000, O3_2001, O3_2003, O3_2004"
"040601",3,5,4,45.60543,-66.5595,"O3_2002, O3_2014"
"040601",3,5,5,45.60542,-66.55951,"O3_2005, O3_2006, O3_2007, O3_2008, O3_2009, O3_2010, O3_2011, O3_2012, O3_2013"
"040601",3,6,6,45.605756,-66.561643,"O3_1987, O3_1988, O3_1989, O3_1990, O3_1991, O3_1992, O3_1993, O3_1994, O3_1995, O3_1996, O3_1997, O3_1998, O3_1999, O3_2000, O3_2001, O3_2003, O3_2004"
"040801",2,5,5,45.95007,-67.47774,"O3_2002, O3_2005, O3_2006, O3_2007, O3_2008, O3_2009, O3_2010, O3_2011, O3_2012, O3_2013, O3_2014, PM25_2005, PM25_2006, PM25_2007, PM25_2009, PM25_2010, PM25_2011, PM25_2012, PM25_2013, PM25_2014"
"040801",2,6,6,45.950069,-67.477738,"O3_1994, O3_1995, O3_1996, O3_1997, O3_1998, O3_1999, O3_2000, O3_2001, O3_2003, O3_2004"
"040901",2,5,5,45.08691,-67.07404,"NO2_2019, NO2_2020, NO2_2021, NO2_2022, NO2_2023, O3_2002, O3_2005, O3_2006, O3_2007, O3_2008, O3_2009, O3_2010, O3_2011, O3_2012, O3_2013, O3_2014, O3_2015, O3_2016, O3_2017, O3_2018, O3_2019, O3_2020, O3_2021, O3_2022, O3_2023, PM25_2005, PM25_2006, PM25_2007, PM25_2008, PM25_2009, PM25_2010, PM25_2011, PM25_2012, PM25_2013, PM25_2014, PM25_2015, PM25_2016, PM25_2017, PM25_2018, PM25_2019, PM25_2020, PM25_2021, PM25_2022, PM25_2023"
"040901",2,6,6,45.086912,-67.074036,"O3_1997, O3_1998, O3_1999, O3_2000, O3_2001, O3_2003, O3_2004, PM25_1998, PM25_1999, PM25_2000, PM25_2001, PM25_2002, PM25_2003, PM25_2004"
"041101",2,5,5,47.15763,-67.83102,"O3_2002, O3_2014, O3_2015, O3_2016"
"041101",2,5,5,47.15763,-67.83101,"O3_2005, O3_2006, O3_2007, O3_2008, O3_2009, O3_2010, O3_2011, O3_2012, O3_2013"
"041101",2,6,6,47.157628,-67.831015,"O3_2000, O3_2001, O3_2003, O3_2004"
"041201",2,5,5,47.07109,-65.42353,"O3_2002, O3_2005, O3_2006, O3_2007, O3_2008, O3_2009, O3_2010, O3_2011, O3_2012, O3_2013, O3_2014, O3_2015, O3_2016, O3_2017, O3_2018"
"041201",2,6,6,47.071087,-65.423534,"O3_2000, O3_2001, O3_2003, O3_2004"
"050102",2,5,5,45.56221,-73.57179,"NO2_2005, NO2_2006, NO2_2007, NO2_2008, O3_2005, O3_2006, O3_2007, O3_2008, O3_2009"
"050102",2,5,5,45.56221,-73.57178,"NO2_2002, NO2_2009, O3_2002"
"050102",2,6,6,45.562117,-73.571627,"NO2_1974, NO2_1975, NO2_1976, NO2_1977, NO2_1978, NO2_1979, NO2_1980, NO2_1981, NO2_1982, NO2_1983, NO2_1984, NO2_1985, NO2_1986, NO2_1987, NO2_1988, NO2_1989, NO2_1990, NO2_1991, NO2_1992, NO2_1993, NO2_1994, NO2_1995, NO2_1996, NO2_1997, NO2_1998, NO2_1999, NO2_2000, NO2_2001, NO2_2003, NO2_2004, O3_1974, O3_1975, O3_1976, O3_1977, O3_1978, O3_1979, O3_1980, O3_1981, O3_1982, O3_1983, O3_1984, O3_1985, O3_1986, O3_1987, O3_1988, O3_1989, O3_1990, O3_1991, O3_1992, O3_1993, O3_1994, O3_1995, O3_1996, O3_1997, O3_1998, O3_1999, O3_2000, O3_2001, O3_2003, O3_2004"
"050103",2,5,5,45.64103,-73.49968,"NO2_2002, NO2_2005, NO2_2006, NO2_2007, NO2_2008, NO2_2009, NO2_2010, NO2_2011, NO2_2012, NO2_2013, NO2_2014, NO2_2015, NO2_2016, NO2_2017, NO2_2018, NO2_2019, NO2_2020, NO2_2021, NO2_2022, NO2_2023, O3_2002, O3_2005, O3_2006, O3_2007, O3_2008, O3_2009, O3_2010, O3_2011, O3_2012, O3_2013, O3_2014, O3_2015, O3_2016, O3_2017, O3_2018, O3_2019, O3_2020, O3_2021, O3_2022, O3_2023, PM25_2005, PM25_2006, PM25_2007, PM25_2008, PM25_2009, PM25_2010, PM25_2011, PM25_2012, PM25_2013, PM25_2014, PM25_2015, PM25_2016, PM25_2017, PM25_2018, PM25_2019, PM25_2020, PM25_2021, PM25_2022, PM25_2023"
"050103",2,6,6,45.641026,-73.499682,"NO2_1982, NO2_1983, NO2_1984, NO2_1985, NO2_1986, NO2_1987, NO2_1988, NO2_1992, NO2_1993, NO2_1994, NO2_1995, NO2_1996, NO2_1997, NO2_1998, NO2_1999, NO2_2000, NO2_2001, NO2_2003, NO2_2004, O3_1974, O3_1975, O3_1976, O3_1977, O3_1978, O3_1979, O3_1980, O3_1981, O3_1982, O3_1983, O3_1984, O3_1985, O3_1986, O3_1987, O3_1988, O3_1989, O3_1990, O3_1991, O3_1992, O3_1993, O3_1994, O3_1995, O3_1996, O3_1997, O3_1998, O3_1999, O3_2000, O3_2001, O3_2003, O3_2004, PM25_2004"
"050104",2,5,5,45.52055,-73.56322,"NO2_2002, NO2_2005, NO2_2006, NO2_2007, NO2_2008, O3_2002, O3_2005, O3_2006, O3_2007, O3_2008"
"050104",2,6,6,45.520532,-73.563178,"NO2_1974, NO2_1975, NO2_1976, NO2_1977, NO2_1978, NO2_1979, NO2_1980, NO2_1981, NO2_1982, NO2_1983, NO2_1984, NO2_1985, NO2_1986, NO2_1987, NO2_1988, NO2_1989, NO2_1990, NO2_1991, NO2_1992, NO2_1993, NO2_1994, NO2_1995, NO2_1996, NO2_1997, NO2_1998, NO2_1999, NO2_2000, NO2_2001, NO2_2003, NO2_2004, O3_1974, O3_1975, O3_1976, O3_1977, O3_1978, O3_1979, O3_1980, O3_1981, O3_1982, O3_1983, O3_1984, O3_1985, O3_1986, O3_1987, O3_1988, O3_1989, O3_1990, O3_1991, O3_1992, O3_1993, O3_1994, O3_1995, O3_1996, O3_1997, O3_1998, O3_1999, O3_2000, O3_2001, O3_2003, O3_2004"
"050105",2,5,5,45.49786,-73.57304,"PM25_2005, PM25_2006, PM25_2007, PM25_2008, PM25_2009, PM25_2010, PM25_2011, PM25_2012, PM25_2013, PM25_2014"
"050105",2,6,6,45.497859,-73.573035,"PM25_1997, PM25_1998, PM25_1999, PM25_2000, PM25_2001, PM25_2002, PM25_2003, PM25_2004"
"050109",2,5,5,45.50265,-73.66391,"NO2_2002, NO2_2005, NO2_2006, NO2_2007, NO2_2008, NO2_2009, NO2_2010, NO2_2011, NO2_2012, NO2_2013, NO2_2014, NO2_2015, NO2_2016, NO2_2017, NO2_2018, NO2_2019, NO2_2020, NO2_2021, NO2_2022, NO2_2023, O3_2002, O3_2005, O3_2006, O3_2007, O3_2008, O3_2009, O3_2010, O3_2011, O3_2012, O3_2013, O3_2014, O3_2015, O3_2016, O3_2017, O3_2018, O3_2019, O3_2020, O3_2021, O3_2022, O3_2023, PM25_2005, PM25_2006, PM25_2007, PM25_2008, PM25_2009, PM25_2010, PM25_2011, PM25_2012, PM25_2013, PM25_2014, PM25_2015, PM25_2016, PM25_2017, PM25_2018, PM25_2019, PM25_2020, PM25_2021, PM25_2022, PM25_2023"
"050109",2,6,6,45.502679,-73.663875,"NO2_1977, NO2_1978, NO2_1979, NO2_1980, NO2_1981, NO2_1982, NO2_1983, NO2_1984, NO2_1985, NO2_1986, NO2_1987, NO2_1988, NO2_1989, NO2_1990, NO2_1991, NO2_1992, NO2_1993, NO2_1994, NO2_1995, NO2_1996, NO2_1997, NO2_1998, NO2_1999, NO2_2000, NO2_2001, NO2_2003, NO2_2004, O3_1974, O3_1975, O3_1976, O3_1977, O3_1978, O3_1979, O3_1980, O3_1981, O3_1982, O3_1983, O3_1984, O3_1985, O3_1986, O3_1987, O3_1988, O3_1989, O3_1990, O3_1991, O3_1992, O3_1993, O3_1994, O3_1995, O3_1996, O3_1997, O3_1998, O3_1999, O3_2000, O3_2001, O3_2003, O3_2004, PM25_2001, PM25_2002, PM25_2003, PM25_2004"
"050110",2,4,4,45.5945,-73.6415,"NO2_1975, NO2_1976, NO2_1977, NO2_1978, NO2_1979, NO2_1980, NO2_1981, NO2_1982, NO2_1983, NO2_1984, NO2_1985, NO2_1986, NO2_1987, NO2_1988, NO2_1989, NO2_1990, NO2_1991, NO2_1992, NO2_1993, NO2_1994, NO2_1995, NO2_1996, NO2_1997, NO2_1998, NO2_1999, NO2_2000, NO2_2001, NO2_2003, NO2_2004, O3_1975, O3_1976, O3_1977, O3_1978, O3_1980, O3_1981, O3_1982, O3_1983, O3_1984, O3_1985, O3_1986, O3_1987, O3_1988, O3_1989, O3_1990, O3_1991, O3_1992, O3_1993, O3_1994, O3_1995, O3_1996, O3_1997, O3_1998, O3_1999, O3_2000, O3_2001, O3_2003, O3_2004, PM25_2001, PM25_2002, PM25_2003, PM25_2004"
"050110",2,5,5,45.59458,-73.64154,"NO2_2005, NO2_2006, NO2_2007, NO2_2008, NO2_2010, NO2_2011, NO2_2012, NO2_2013, O3_2005, O3_2006, O3_2007, O3_2008, O3_2009, O3_2010, O3_2011, O3_2012, O3_2013, PM25_2005, PM25_2006, PM25_2007, PM25_2008, PM25_2010, PM25_2011, PM25_2012, PM25_2013"
"050110",2,5,5,45.59458,-73.64153,"NO2_2002, NO2_2009, O3_2002, PM25_2009"
"050113",2,5,5,45.54746,-73.74832,"NO2_2005, NO2_2006, NO2_2007, NO2_2008, NO2_2010, NO2_2011, NO2_2012, NO2_2013, NO2_2014, NO2_2015, NO2_2016, NO2_2017, NO2_2018, NO2_2019, NO2_2020, O3_2005, O3_2006, O3_2007, O3_2008, O3_2009, O3_2010, O3_2011, O3_2012, O3_2013, O3_2017, O3_2018, O3_2019, O3_2020, PM25_2005, PM25_2006, PM25_2007, PM25_2008, PM25_2010, PM25_2011, PM25_2012, PM25_2013, PM25_2014, PM25_2015, PM25_2016, PM25_2017, PM25_2018"
"050113",2,5,5,45.54746,-73.74831,"NO2_2002, NO2_2009, NO2_2021, NO2_2022, NO2_2023, O3_2002, O3_2014, O3_2015, O3_2016, O3_2021, O3_2022, O3_2023, PM25_2009, PM25_2019, PM25_2020, PM25_2021, PM25_2022, PM25_2023"
"050113",2,8,8,45.54746389,-73.74831667,"NO2_1976, NO2_1977, NO2_1978, NO2_1979, NO2_1980, NO2_1981, NO2_1982, NO2_1983, NO2_1984, NO2_1985, NO2_1986, NO2_1987, NO2_1988, NO2_1989, NO2_1990, NO2_1991, NO2_1992, NO2_1993, NO2_1994, NO2_1996, NO2_1997, NO2_1998, NO2_1999, NO2_2000, NO2_2001, NO2_2003, NO2_2004, O3_1976, O3_1977, O3_1978, O3_1979, O3_1980, O3_1981, O3_1982, O3_1983, O3_1984, O3_1985, O3_1986, O3_1987, O3_1988, O3_1989, O3_1990, O3_1991, O3_1992, O3_1993, O3_1994, O3_1995, O3_1996, O3_1997, O3_1998, O3_1999, O3_2000, O3_2001, O3_2003, O3_2004, PM25_2003, PM25_2004"
"050115",2,5,5,45.50153,-73.57431,"NO2_2002, NO2_2005, NO2_2006, NO2_2007, NO2_2008, NO2_2009, NO2_2010, NO2_2011, NO2_2012, NO2_2013, NO2_2014, NO2_2015, NO2_2016, O3_2002, O3_2005, O3_2006, O3_2007, O3_2008, O3_2009, O3_2010, O3_2011, O3_2012, O3_2013, O3_2014, O3_2015, O3_2016"
"050115",2,6,6,45.501531,-73.574311,"NO2_1977, NO2_1978, NO2_1979, NO2_1980, NO2_1981, NO2_1982, NO2_1983, NO2_1984, NO2_1985, NO2_1986, NO2_1987, NO2_1988, NO2_1989, NO2_1990, NO2_1991, NO2_1992, NO2_1993, NO2_1994, NO2_1995, NO2_1996, NO2_1997, NO2_1998, NO2_1999, NO2_2000, NO2_2001, NO2_2003, NO2_2004, O3_1977, O3_1978, O3_1979, O3_1980, O3_1981, O3_1982, O3_1983, O3_1984, O3_1985, O3_1986, O3_1987, O3_1988, O3_1989, O3_1990, O3_1991, O3_1992, O3_1993, O3_1994, O3_1995, O3_1996, O3_1997, O3_1998, O3_1999, O3_2000, O3_2001, O3_2003, O3_2004"
"050116",2,5,5,45.47167,-73.57222,"NO2_2002, NO2_2005, NO2_2006, NO2_2007, NO2_2008, NO2_2009, NO2_2010, NO2_2011, NO2_2012, NO2_2013, NO2_2014, NO2_2015, O3_2002, O3_2005, O3_2006, O3_2007, O3_2008, O3_2009, O3_2010, O3_2011, O3_2012, O3_2013, O3_2014, O3_2015"
"050116",2,6,5,45.472854,-73.57296,"NO2_1978, NO2_1979, NO2_1980, NO2_1981, NO2_1982, NO2_1983, NO2_1984, NO2_1985, NO2_1986, NO2_1987, NO2_1988, NO2_1989, NO2_1990, NO2_1991, NO2_1992, NO2_1993, NO2_1994, NO2_1995, NO2_1996, NO2_1997, NO2_1998, NO2_1999, NO2_2000, NO2_2001, NO2_2003, NO2_2004, O3_1978, O3_1979, O3_1980, O3_1981, O3_1982, O3_1983, O3_1984, O3_1985, O3_1986, O3_1987, O3_1988, O3_1989, O3_1990, O3_1991, O3_1992, O3_1993, O3_1994, O3_1995, O3_1996, O3_1997, O3_1998, O3_1999, O3_2000, O3_2001, O3_2003, O3_2004"
"050121",2,5,5,45.44298,-73.46863,"NO2_2002, NO2_2005, NO2_2006, NO2_2007, NO2_2008, NO2_2009, NO2_2010, NO2_2011, NO2_2012, NO2_2013, NO2_2014, NO2_2015, O3_2002, O3_2005, O3_2006, O3_2007, O3_2008, O3_2009, O3_2010, O3_2011, O3_2012, O3_2013, O3_2014, O3_2015, O3_2016, PM25_2005, PM25_2006, PM25_2007, PM25_2008, PM25_2009, PM25_2010, PM25_2011, PM25_2012, PM25_2013, PM25_2014, PM25_2015, PM25_2016"
"050121",2,5,6,45.44298,-73.468631,"NO2_1996, NO2_1997, NO2_1998, NO2_1999, NO2_2000, NO2_2001, NO2_2003, NO2_2004, O3_1993, O3_1994, O3_1995, O3_1996, O3_1997, O3_1998, O3_1999, O3_2000, O3_2001, O3_2003, O3_2004, PM25_2003, PM25_2004"
"050126",2,5,5,45.42654,-73.92893,"NO2_2002, NO2_2005, NO2_2006, NO2_2007, NO2_2008, NO2_2009, NO2_2010, NO2_2011, NO2_2012, NO2_2013, NO2_2014, NO2_2015, NO2_2016, NO2_2017, NO2_2018, NO2_2019, NO2_2020, NO2_2021, NO2_2022, NO2_2023, O3_2002, O3_2005, O3_2006, O3_2007, O3_2008, O3_2009, O3_2010, O3_2011, O3_2012, O3_2013, O3_2014, O3_2015, O3_2016, O3_2017, O3_2018, O3_2019, O3_2020, O3_2021, O3_2022, O3_2023, PM25_2005, PM25_2006, PM25_2007, PM25_2008, PM25_2009, PM25_2010, PM25_2011, PM25_2012, PM25_2013, PM25_2014, PM25_2015, PM25_2016, PM25_2017, PM25_2018, PM25_2019, PM25_2020, PM25_2021, PM25_2022, PM25_2023"
"050126",2,6,8,45.426513,-73.92228923,"NO2_1998, NO2_1999, NO2_2000, NO2_2001, NO2_2003, NO2_2004, O3_1998, O3_1999, O3_2000, O3_2001, O3_2003, O3_2004, PM25_1997, PM25_1998, PM25_1999, PM25_2000, PM25_2001, PM25_2002, PM25_2003, PM25_2004"
"050128",2,5,4,45.46832,-73.7412,"NO2_2002, NO2_2005, NO2_2006, NO2_2007, NO2_2008, NO2_2009, NO2_2010, NO2_2011, NO2_2012, NO2_2013, NO2_2014, NO2_2015, NO2_2016, NO2_2017, NO2_2018, NO2_2019, NO2_2020, NO2_2021, NO2_2022, NO2_2023, O3_2002, O3_2005, O3_2006, O3_2007, O3_2008, O3_2009, O3_2010, O3_2011, O3_2012, O3_2013, O3_2014, O3_2015, O3_2016, O3_2017, O3_2018, O3_2019, O3_2020, O3_2021, O3_2022, O3_2023, PM25_2005, PM25_2006, PM25_2007, PM25_2008, PM25_2009, PM25_2010, PM25_2011, PM25_2012, PM25_2013, PM25_2014, PM25_2015, PM25_2016, PM25_2017, PM25_2018, PM25_2019, PM25_2020, PM25_2021, PM25_2022, PM25_2023"
"050128",2,6,6,45.468322,-73.741198,"NO2_1998, NO2_1999, NO2_2000, NO2_2001, NO2_2003, NO2_2004, O3_1998, O3_1999, O3_2000, O3_2001, O3_2003, O3_2004, PM25_2000, PM25_2001, PM25_2002, PM25_2003, PM25_2004"
"050129",2,5,5,45.65169,-73.57382,"NO2_2010, NO2_2011, NO2_2012, NO2_2013, NO2_2014, NO2_2015, NO2_2016, NO2_2017, NO2_2018, NO2_2019, NO2_2020, NO2_2021, NO2_2022, NO2_2023, O3_2002, O3_2005, O3_2006, O3_2007, O3_2008, O3_2009, O3_2010, O3_2011, O3_2012, O3_2013, O3_2014, O3_2015, O3_2016, O3_2017, O3_2018, O3_2019, O3_2020, O3_2021, O3_2022, O3_2023, PM25_2005, PM25_2006, PM25_2007, PM25_2008, PM25_2009, PM25_2010, PM25_2011, PM25_2012, PM25_2013, PM25_2014, PM25_2015, PM25_2016, PM25_2017, PM25_2018, PM25_2019, PM25_2020, PM25_2021, PM25_2022, PM25_2023"
"050129",2,6,6,45.651691,-73.573825,"O3_2000, O3_2001, O3_2003, O3_2004, PM25_1998, PM25_1999, PM25_2000, PM25_2001, PM25_2002, PM25_2003, PM25_2004"
"050131",2,5,5,45.53993,-73.54039,"PM25_2005, PM25_2006, PM25_2007, PM25_2008, PM25_2009, PM25_2010, PM25_2011, PM25_2012, PM25_2013, PM25_2014, PM25_2015, PM25_2017, PM25_2018, PM25_2019, PM25_2020, PM25_2021, PM25_2022, PM25_2023"
"050131",2,6,6,45.539928,-73.540388,"PM25_2001, PM25_2002, PM25_2003, PM25_2004"
"050204",2,5,5,45.43599,-75.72343,"NO2_2002, NO2_2005, NO2_2006, NO2_2007, NO2_2008, NO2_2009, NO2_2010, NO2_2011, NO2_2012, NO2_2013, NO2_2014, NO2_2015, NO2_2016, NO2_2017, NO2_2018, NO2_2019, NO2_2020, NO2_2021, NO2_2022, NO2_2023, O3_2002, O3_2005, O3_2006, O3_2007, O3_2008, O3_2009, O3_2010, O3_2011, O3_2012, O3_2013, O3_2014, O3_2015, O3_2016, O3_2017, O3_2018, O3_2019, O3_2020, O3_2021, O3_2022, O3_2023, PM25_2005, PM25_2006, PM25_2007, PM25_2009, PM25_2010, PM25_2011, PM25_2012, PM25_2013, PM25_2014, PM25_2015, PM25_2016, PM25_2017, PM25_2018, PM25_2019, PM25_2020, PM25_2021, PM25_2022, PM25_2023"
"050204",2,6,6,45.435987,-75.723429,"NO2_1998, NO2_1999, NO2_2000, NO2_2001, NO2_2003, NO2_2004, O3_1997, O3_1998, O3_1999, O3_2000, O3_2001, O3_2003, O3_2004, PM25_2003, PM25_2004"
"050308",3,5,4,46.82118,-71.2205,"NO2_2002, NO2_2009, NO2_2021, NO2_2022, NO2_2023, O3_2002, O3_2014, O3_2015, O3_2016, O3_2021, O3_2022, O3_2023, PM25_2009, PM25_2019, PM25_2020, PM25_2021, PM25_2022, PM25_2023"
"050308",3,5,5,46.82118,-71.22049,"NO2_2005, NO2_2006, NO2_2007, NO2_2008, NO2_2010, NO2_2011, NO2_2012, NO2_2013, NO2_2014, NO2_2015, NO2_2016, NO2_2017, NO2_2018, NO2_2019, NO2_2020, O3_2005, O3_2006, O3_2007, O3_2008, O3_2009, O3_2010, O3_2011, O3_2012, O3_2013, O3_2017, O3_2018, O3_2019, O3_2020, PM25_2005, PM25_2006, PM25_2007, PM25_2008, PM25_2010, PM25_2011, PM25_2012, PM25_2013, PM25_2014, PM25_2015, PM25_2016, PM25_2017, PM25_2018"
"050308",3,6,6,46.821177,-71.220495,"NO2_1998, NO2_1999, NO2_2000, NO2_2001, NO2_2003, NO2_2004, O3_1998, O3_1999, O3_2000, O3_2001, O3_2003, O3_2004, PM25_1998, PM25_1999, PM25_2000, PM25_2001, PM25_2002, PM25_2003, PM25_2004"
"050309",2,5,4,46.76917,-71.4025,"NO2_1991, NO2_1992, NO2_1993, NO2_1994, NO2_1996, NO2_1997, NO2_1998, NO2_1999, NO2_2000, NO2_2001, O3_1991, O3_1992, O3_1993, O3_1994, O3_1995, O3_1996, O3_1997, O3_1998, O3_1999, O3_2000, O3_2001, O3_2003, O3_2004"
"050309",2,5,5,46.76887,-71.40236,"NO2_2002, O3_2002, O3_2005"
"050310",2,5,5,46.79487,-71.24639,"NO2_2010, NO2_2011, NO2_2018, NO2_2019, NO2_2020, O3_2005, O3_2006, O3_2007, O3_2008, O3_2009, O3_2010, O3_2011, O3_2012, O3_2013, O3_2017, O3_2018, O3_2019, O3_2020, PM25_2005, PM25_2006, PM25_2007, PM25_2008, PM25_2010, PM25_2011, PM25_2012, PM25_2013, PM25_2014, PM25_2015, PM25_2016, PM25_2017, PM25_2018"
"050310",2,5,5,46.79487,-71.24638,"NO2_2009, NO2_2021, NO2_2022, NO2_2023, O3_2002, O3_2014, O3_2015, O3_2016, O3_2021, O3_2022, O3_2023, PM25_2009, PM25_2019, PM25_2020, PM25_2021, PM25_2022, PM25_2023"
"050310",2,6,6,46.794873,-71.246387,"O3_2000, O3_2001, O3_2003, O3_2004, PM25_2003, PM25_2004"
"050504",2,5,5,48.41637,-71.05241,"O3_2002, O3_2005, O3_2006, O3_2007, O3_2008, O3_2009, O3_2010, O3_2011, O3_2012, O3_2013, O3_2014, O3_2015, O3_2016, O3_2017, O3_2018, O3_2019, O3_2020, O3_2021, O3_2022, O3_2023, PM25_2005, PM25_2006, PM25_2007, PM25_2008, PM25_2009, PM25_2010, PM25_2011, PM25_2012, PM25_2013, PM25_2014, PM25_2015, PM25_2016, PM25_2017, PM25_2018, PM25_2019, PM25_2020, PM25_2021, PM25_2022, PM25_2023"
"050504",2,6,6,48.416374,-71.052412,"O3_2003, O3_2004, PM25_2002, PM25_2003, PM25_2004"
"050604",2,5,5,48.23409,-78.98278,"O3_2005, O3_2006, O3_2007, O3_2008, O3_2009, O3_2010, O3_2011, O3_2012, O3_2013, O3_2014, O3_2015, O3_2016, O3_2017, O3_2018, O3_2019, O3_2020, O3_2021, O3_2022, O3_2023, PM25_2005, PM25_2006, PM25_2007, PM25_2008, PM25_2009, PM25_2010, PM25_2011, PM25_2012, PM25_2013, PM25_2014, PM25_2015, PM25_2016, PM25_2017, PM25_2018, PM25_2019, PM25_2020, PM25_2021, PM25_2022, PM25_2023"
"050604",2,6,6,48.234087,-78.982778,"O3_2003, O3_2004"
"051501",2,5,5,46.04223,-72.65976,"O3_2002, O3_2005, O3_2006, O3_2007, O3_2008, O3_2009, O3_2010, O3_2011, O3_2012, O3_2013, O3_2014, O3_2015, O3_2016, O3_2017, O3_2018, O3_2019, O3_2020, O3_2021, O3_2022, O3_2023, PM25_2005, PM25_2006, PM25_2007, PM25_2008, PM25_2009, PM25_2010, PM25_2011, PM25_2012, PM25_2013, PM25_2014, PM25_2015, PM25_2016, PM25_2017, PM25_2018, PM25_2019, PM25_2020, PM25_2021, PM25_2022, PM25_2023"
"051501",2,8,8,46.04223333,-72.65976111,"O3_1987, O3_1990, O3_1992, O3_1993, O3_1994, O3_1995, O3_1996, O3_1997, O3_1998, O3_1999, O3_2000, O3_2001, O3_2003, O3_2004"
"052001",2,4,5,46.4416,-72.89241,"O3_2002, O3_2005, O3_2006, O3_2007, O3_2008, O3_2009, O3_2010, O3_2011, O3_2012, O3_2013, O3_2014, O3_2015, O3_2016, O3_2017, O3_2018, O3_2019, O3_2020, O3_2021, O3_2022, O3_2023, PM25_2005, PM25_2006, PM25_2007, PM25_2008, PM25_2009, PM25_2010, PM25_2011, PM25_2012, PM25_2013, PM25_2014, PM25_2015, PM25_2016, PM25_2017, PM25_2018, PM25_2019, PM25_2020, PM25_2021, PM25_2022, PM25_2023"
"052001",2,6,5,46.441597,-72.89241,"O3_1989, O3_1990, O3_1992, O3_1993, O3_1994, O3_1995, O3_1996, O3_1997, O3_1998, O3_1999, O3_2000, O3_2001, O3_2003, O3_2004"
"052201",2,5,5,45.71561,-72.84025,"O3_2002, O3_2005, O3_2006, O3_2007, O3_2008, O3_2009, O3_2010, O3_2011, O3_2012, O3_2013, O3_2014, O3_2015, O3_2016, O3_2017, O3_2018, O3_2019, O3_2020, O3_2021, O3_2022, O3_2023, PM25_2005, PM25_2006, PM25_2007, PM25_2008, PM25_2009, PM25_2010, PM25_2011, PM25_2012, PM25_2013, PM25_2014, PM25_2015, PM25_2016, PM25_2017, PM25_2018, PM25_2019, PM25_2020, PM25_2021, PM25_2022, PM25_2023"
"052201",2,6,6,45.715614,-72.840249,"O3_1989, O3_1990, O3_1992, O3_1993, O3_1994, O3_1995, O3_1996, O3_1997, O3_1998, O3_1999, O3_2000, O3_2001, O3_2003, O3_2004"
"052401",2,5,5,45.62238,-76.01805,"O3_2005, O3_2006, O3_2007, O3_2008, O3_2009, O3_2010, O3_2011, O3_2012, O3_2013, O3_2017, O3_2018, O3_2019, O3_2020, PM25_2005, PM25_2006, PM25_2007, PM25_2008, PM25_2010, PM25_2011, PM25_2012, PM25_2013, PM25_2014, PM25_2015, PM25_2016, PM25_2017, PM25_2018"
"052401",2,5,5,45.62238,-76.01804,"O3_2002, O3_2014, O3_2015, O3_2016, O3_2021, O3_2022, O3_2023, PM25_2009, PM25_2019, PM25_2020, PM25_2021, PM25_2022, PM25_2023"
"052401",2,6,6,45.622378,-76.018046,"O3_1989, O3_1990, O3_1992, O3_1993, O3_1994, O3_1995, O3_1996, O3_1997, O3_1998, O3_1999, O3_2000, O3_2001, O3_2003, O3_2004"
"052601",2,4,5,45.7229,-73.37681,"NO2_2002, NO2_2005, NO2_2006, NO2_2007, NO2_2008, NO2_2009, NO2_2010, NO2_2011, NO2_2012, NO2_2013, NO2_2014, NO2_2015, NO2_2016, O3_2002, O3_2005, O3_2006, O3_2007, O3_2008, O3_2009, O3_2010, O3_2011, O3_2012, O3_2013, O3_2014, O3_2015, O3_2016, PM25_2011, PM25_2012, PM25_2013, PM25_2014, PM25_2015, PM25_2016"
"052601",2,6,6,45.722896,-73.376808,"NO2_1996, NO2_1998, NO2_1999, NO2_2000, NO2_2001, NO2_2003, NO2_2004, O3_1994, O3_1995, O3_1996, O3_1997, O3_1998, O3_1999, O3_2000, O3_2001, O3_2003, O3_2004"
"053301",2,5,4,46.68237,-71.9659,"O3_2002, O3_2005, O3_2006, O3_2007, O3_2008, O3_2009, O3_2010, O3_2011, O3_2012, O3_2013, O3_2014, O3_2015, O3_2016, O3_2017, O3_2018, O3_2019, O3_2020, O3_2021, O3_2022, O3_2023, PM25_2005, PM25_2006, PM25_2007, PM25_2008, PM25_2009, PM25_2010, PM25_2011, PM25_2012, PM25_2013, PM25_2014, PM25_2015, PM25_2016, PM25_2017, PM25_2018, PM25_2019, PM25_2020, PM25_2021, PM25_2022, PM25_2023"
"053301",2,6,6,46.682373,-71.965903,"O3_1991, O3_1992, O3_1993, O3_1994, O3_1995, O3_1996, O3_1997, O3_1998, O3_1999, O3_2000, O3_2001, O3_2003, O3_2004"
"053501",2,5,5,47.01531,-70.86253,"O3_2002, O3_2014, O3_2015, O3_2016"
"053501",2,5,5,47.01531,-70.86252,"O3_2005, O3_2006, O3_2007, O3_2008, O3_2009, O3_2010, O3_2011, O3_2012, O3_2013, O3_2017, O3_2018, O3_2019, O3_2020"
"053501",2,6,6,47.015308,-70.862523,"O3_1989, O3_1990, O3_1991, O3_1992, O3_1993, O3_1994, O3_1995, O3_1996, O3_1997, O3_1998, O3_1999, O3_2000, O3_2001, O3_2003, O3_2004"
"053701",2,5,5,45.82486,-70.85603,"O3_2002, O3_2005, O3_2006, O3_2007, O3_2008, O3_2009, O3_2010, O3_2011, O3_2012, O3_2013, O3_2014, O3_2015, O3_2016, O3_2017, O3_2018, O3_2019, O3_2020, O3_2021, O3_2022, O3_2023, PM25_2005, PM25_2006, PM25_2007, PM25_2008, PM25_2009, PM25_2010, PM25_2011, PM25_2012, PM25_2013, PM25_2014, PM25_2015, PM25_2016, PM25_2017, PM25_2018, PM25_2019, PM25_2020, PM25_2021, PM25_2022, PM25_2023"
"053701",2,8,6,45.82486111,-70.856025,"O3_1990, O3_1991, O3_1992, O3_1993, O3_1994, O3_1995, O3_1996, O3_1997, O3_1998, O3_1999, O3_2000, O3_2001, O3_2003, O3_2004"
"053801",3,5,4,45.90579,-71.9487,"O3_2005, O3_2006, O3_2007, O3_2009, O3_2010, O3_2011, O3_2012, O3_2013, O3_2017, O3_2018, O3_2019, O3_2020, PM25_2005, PM25_2006, PM25_2007, PM25_2008, PM25_2010, PM25_2011, PM25_2012, PM25_2013, PM25_2014, PM25_2015, PM25_2016, PM25_2017, PM25_2018"
"053801",3,5,5,45.90578,-71.94869,"O3_2002, O3_2014, O3_2015, O3_2016, O3_2021, O3_2022, O3_2023, PM25_2009, PM25_2019, PM25_2020, PM25_2021, PM25_2022, PM25_2023"
"053801",3,6,6,45.905785,-71.948695,"O3_1989, O3_1990, O3_1991, O3_1992, O3_1993, O3_1994, O3_1995, O3_1996, O3_1997, O3_1998, O3_1999, O3_2000, O3_2001, O3_2003, O3_2004"
"054201",2,5,4,49.82228,-74.9764,"O3_2005, O3_2006, O3_2007, O3_2008, O3_2009, O3_2010, O3_2011, O3_2012, O3_2013, O3_2014, O3_2015, O3_2016, O3_2017, O3_2018, O3_2019, O3_2020, O3_2021, O3_2022, O3_2023"
"054201",2,6,5,49.822282,-74.97529,"O3_1988, O3_1989, O3_1990"
"054401",2,5,4,45.12062,-74.2896,"NO2_2007, NO2_2008, NO2_2009, NO2_2010, NO2_2013, NO2_2014, NO2_2015, NO2_2016, NO2_2017, NO2_2018, NO2_2019, NO2_2020, NO2_2021, NO2_2022, NO2_2023, O3_2002, O3_2005, O3_2006, O3_2007, O3_2008, O3_2010, O3_2011, O3_2012, O3_2013, O3_2014, O3_2015, O3_2016, O3_2017, O3_2018, O3_2019, O3_2020, O3_2021, O3_2022, O3_2023, PM25_2005, PM25_2006, PM25_2007, PM25_2008, PM25_2009, PM25_2010, PM25_2011, PM25_2012, PM25_2013, PM25_2014, PM25_2015, PM25_2016, PM25_2017, PM25_2018, PM25_2019, PM25_2020, PM25_2021, PM25_2022, PM25_2023"
"054401",2,6,4,45.120624,-74.2896,"O3_1994, O3_1995, O3_1996, O3_1997, O3_1998, O3_1999, O3_2000, O3_2001, O3_2003, O3_2004, PM25_1997, PM25_1998, PM25_1999, PM25_2000, PM25_2001, PM25_2002, PM25_2003, PM25_2004"
"054801",2,5,4,45.36568,-72.2651,"O3_2002, O3_2005, O3_2006, O3_2007, O3_2008, O3_2009, O3_2010, O3_2011, O3_2012, O3_2013, O3_2014, O3_2015, O3_2016, PM25_2005, PM25_2006, PM25_2007, PM25_2008, PM25_2009, PM25_2010, PM25_2011, PM25_2012, PM25_2013, PM25_2014, PM25_2015, PM25_2016"
"054801",2,6,6,45.365683,-72.265099,"O3_1989, O3_1990, O3_1991, O3_1992, O3_1993, O3_1994, O3_1995, O3_1996, O3_1997, O3_1998, O3_1999, O3_2000, O3_2001, O3_2003, O3_2004"
"054901",2,5,5,45.37333,-71.25017,"O3_2002, O3_2005, O3_2006, O3_2007, O3_2008, O3_2009, O3_2010, O3_2011, O3_2012, O3_2013, O3_2014, O3_2015, O3_2016, O3_2017, O3_2018, O3_2019, O3_2020, O3_2021, O3_2022, O3_2023, PM25_2005, PM25_2006, PM25_2007, PM25_2008, PM25_2009, PM25_2010, PM25_2011, PM25_2012, PM25_2013, PM25_2014, PM25_2015, PM25_2016, PM25_2017, PM25_2018, PM25_2019, PM25_2020, PM25_2021, PM25_2022, PM25_2023"
"054901",2,5,6,45.37333,-71.250167,"O3_1991, O3_1992, O3_1993, O3_1994, O3_1995, O3_1996, O3_1997, O3_1998, O3_1999, O3_2000, O3_2001, O3_2003, O3_2004"
"055001",2,5,5,46.76866,-75.43273,"O3_2002, O3_2005, O3_2006, O3_2007, O3_2008, O3_2009, O3_2010, O3_2011, O3_2012, O3_2013, O3_2014, O3_2015, O3_2016, O3_2017, O3_2018, O3_2019, O3_2020, O3_2021, O3_2022, O3_2023, PM25_2005, PM25_2006, PM25_2007, PM25_2008, PM25_2009, PM25_2010, PM25_2011, PM25_2012, PM25_2013, PM25_2014, PM25_2015, PM25_2016, PM25_2017, PM25_2018, PM25_2019, PM25_2020, PM25_2021, PM25_2022, PM25_2023"
"055001",2,5,6,46.76866,-75.432728,"O3_1991, O3_1992, O3_1993, O3_1994, O3_1995, O3_1996, O3_1997, O3_1998, O3_1999, O3_2000, O3_2001, O3_2003, O3_2004"
"055101",2,5,5,48.43165,-77.19667,"O3_2005, O3_2006, O3_2007, O3_2008, O3_2009, O3_2010, O3_2011, O3_2012, O3_2013, O3_2014, O3_2015, O3_2016, O3_2017, O3_2018, O3_2019, O3_2020, O3_2021, O3_2022, O3_2023, PM25_2005, PM25_2006, PM25_2007, PM25_2008, PM25_2009, PM25_2010, PM25_2011, PM25_2012, PM25_2013, PM25_2014, PM25_2015, PM25_2016, PM25_2017, PM25_2018, PM25_2019, PM25_2020, PM25_2021, PM25_2022, PM25_2023"
"055101",2,6,5,48.431648,-77.19974,"O3_1992, O3_1993, O3_1994, O3_1995, O3_1996, O3_1997"
"055201",2,4,5,46.3037,-72.06069,"O3_2005, O3_2006, O3_2007, O3_2008, O3_2010, O3_2011, O3_2012, O3_2013, PM25_2005, PM25_2006, PM25_2007, PM25_2008, PM25_2011, PM25_2012, PM25_2013, PM25_2014, PM25_2015, PM25_2016"
"055201",2,4,5,46.3037,-72.06068,"O3_2014, O3_2015, O3_2016, PM25_2009"
"055201",2,4,6,46.3037,-72.060685,"O3_1999, O3_2000, O3_2001, O3_2003, O3_2004"
"055702",2,5,4,46.80603,-71.1675,"NO2_2021, NO2_2022, NO2_2023, O3_2015, O3_2016, O3_2021, O3_2022, O3_2023, PM25_2019, PM25_2020, PM25_2021, PM25_2022, PM25_2023"
"055702",2,5,5,46.80603,-71.16751,"NO2_2015, NO2_2016, NO2_2017, NO2_2018, NO2_2019, NO2_2020, O3_2017, O3_2018, O3_2019, O3_2020, PM25_2015, PM25_2016, PM25_2017, PM25_2018"
"060204",2,5,5,42.31578,-83.04367,"NO2_2002, NO2_2005, NO2_2006, NO2_2007, NO2_2008, NO2_2009, NO2_2010, NO2_2011, NO2_2012, NO2_2013, NO2_2014, NO2_2015, NO2_2016, NO2_2017, NO2_2018, NO2_2019, NO2_2020, NO2_2021, NO2_2022, NO2_2023, O3_2002, O3_2005, O3_2006, O3_2007, O3_2008, O3_2009, O3_2010, O3_2011, O3_2012, O3_2013, O3_2014, O3_2015, O3_2016, O3_2017, O3_2018, O3_2019, O3_2020, O3_2021, O3_2022, O3_2023, PM25_2005, PM25_2006, PM25_2007, PM25_2008, PM25_2009, PM25_2010, PM25_2011, PM25_2012, PM25_2013, PM25_2014, PM25_2015, PM25_2016, PM25_2017, PM25_2018, PM25_2019, PM25_2020, PM25_2021, PM25_2022, PM25_2023"
"060204",2,6,6,42.315778,-83.043667,"NO2_1974, NO2_1975, NO2_1976, NO2_1977, NO2_1978, NO2_1979, NO2_1980, NO2_1981, NO2_1982, NO2_1983, NO2_1984, NO2_1985, NO2_1986, NO2_1987, NO2_1988, NO2_1989, NO2_1990, NO2_1991, NO2_1992, NO2_1993, NO2_1994, NO2_1995, NO2_1996, NO2_1997, NO2_1998, NO2_1999, NO2_2000, NO2_2001, NO2_2003, NO2_2004, O3_1974, O3_1975, O3_1976, O3_1977, O3_1978, O3_1979, O3_1980, O3_1981, O3_1982, O3_1983, O3_1984, O3_1985, O3_1986, O3_1987, O3_1988, O3_1989, O3_1990, O3_1991, O3_1992, O3_1993, O3_1994, O3_1995, O3_1996, O3_1997, O3_1998, O3_1999, O3_2000, O3_2001, O3_2003, O3_2004, PM25_2001, PM25_2002, PM25_2003, PM25_2004"
"060211",2,5,5,42.29289,-83.07314,"NO2_2002, NO2_2005, NO2_2006, NO2_2007, NO2_2008, NO2_2009, NO2_2010, NO2_2011, NO2_2012, NO2_2013, NO2_2014, NO2_2015, NO2_2016, NO2_2017, NO2_2018, NO2_2019, NO2_2020, NO2_2021, NO2_2022, NO2_2023, O3_2002, O3_2005, O3_2006, O3_2007, O3_2008, O3_2009, O3_2010, O3_2011, O3_2012, O3_2013, O3_2014, O3_2015, O3_2016, O3_2017, O3_2018, O3_2019, O3_2020, O3_2021, O3_2022, O3_2023, PM25_2005, PM25_2006, PM25_2007, PM25_2008, PM25_2009, PM25_2010, PM25_2011, PM25_2012, PM25_2013, PM25_2014, PM25_2015, PM25_2016, PM25_2017, PM25_2018, PM25_2019, PM25_2020, PM25_2021, PM25_2022, PM25_2023"
"060211",2,6,6,42.292889,-83.073139,"NO2_2000, NO2_2001, NO2_2003, NO2_2004, O3_1993, O3_1994, O3_1995, O3_1996, O3_1997, O3_1998, O3_1999, O3_2000, O3_2001, O3_2003, O3_2004, PM25_2002, PM25_2003, PM25_2004"
"060421",2,5,5,43.78158,-79.41773,"NO2_2005, NO2_2006, NO2_2007, NO2_2008, NO2_2010, NO2_2011, NO2_2012, NO2_2013, NO2_2014, NO2_2015, NO2_2016, O3_2005, O3_2006, O3_2007, O3_2008, O3_2009, O3_2010, O3_2011, O3_2012, O3_2013, PM25_2005, PM25_2006, PM25_2007, PM25_2008, PM25_2010, PM25_2011, PM25_2012, PM25_2013, PM25_2014, PM25_2015, PM25_2016"
"060421",2,5,5,43.78159,-79.41773,"NO2_2002, NO2_2009, O3_2002, O3_2014, O3_2015, O3_2016, PM25_2009"
"060421",2,6,5,43.781584,-79.41773,"NO2_1988, NO2_1989, NO2_1990, NO2_1991, NO2_1992, NO2_1993, NO2_1994, NO2_1995, NO2_1996, NO2_1997, NO2_1998, NO2_1999, NO2_2000, NO2_2001, NO2_2003, NO2_2004, O3_1988, O3_1989, O3_1990, O3_1991, O3_1992, O3_1993, O3_1994, O3_1995, O3_1996, O3_1997, O3_1998, O3_1999, O3_2000, O3_2001, O3_2003, O3_2004, PM25_1998, PM25_1999, PM25_2000, PM25_2001, PM25_2002, PM25_2003, PM25_2004"
"060424",2,5,5,43.66297,-79.38811,"NO2_2002, O3_2002"
"060424",2,6,6,43.662972,-79.388111,"NO2_1990, NO2_1991, NO2_1992, NO2_1993, NO2_1994, NO2_1995, NO2_1997, NO2_1998, NO2_1999, NO2_2000, NO2_2001, O3_1990, O3_1991, O3_1992, O3_1993, O3_1994, O3_1995, O3_1997, O3_1998, O3_1999, O3_2000, O3_2001, PM25_1998, PM25_1999, PM25_2000, PM25_2001, PM25_2002"
"060429",2,5,5,43.61359,-79.50754,"NO2_2002, NO2_2005, NO2_2006, NO2_2007, NO2_2008, NO2_2009, NO2_2012, O3_2002, O3_2005, O3_2006, O3_2007, O3_2008, O3_2009, O3_2012, PM25_2005, PM25_2006, PM25_2007, PM25_2008, PM25_2009, PM25_2012"
"060429",2,6,6,43.613587,-79.507537,"NO2_2001, NO2_2003, NO2_2004, O3_2001, O3_2003, O3_2004, PM25_2001, PM25_2003, PM25_2004"
"060430",2,5,4,43.70944,-79.5435,"NO2_2005, NO2_2006, NO2_2007, NO2_2008, NO2_2009, NO2_2010, NO2_2011, NO2_2012, NO2_2013, NO2_2014, NO2_2015, NO2_2016, NO2_2017, NO2_2018, NO2_2019, NO2_2020, NO2_2021, NO2_2022, NO2_2023, O3_2005, O3_2006, O3_2007, O3_2008, O3_2009, O3_2010, O3_2011, O3_2012, O3_2013, O3_2014, O3_2015, O3_2016, O3_2017, O3_2018, O3_2019, O3_2020, O3_2021, O3_2022, O3_2023, PM25_2005, PM25_2006, PM25_2007, PM25_2008, PM25_2009, PM25_2010, PM25_2011, PM25_2012, PM25_2013, PM25_2014, PM25_2015, PM25_2016, PM25_2017, PM25_2018, PM25_2019, PM25_2020, PM25_2021, PM25_2022, PM25_2023"
"060430",2,6,4,43.709444,-79.5435,"NO2_2000, NO2_2003, NO2_2004, O3_2000, O3_2003, O3_2004, PM25_2000, PM25_2003, PM25_2004"
"060515",2,5,5,43.25744,-79.90775,"NO2_2010, NO2_2011, NO2_2012, NO2_2013, NO2_2014, NO2_2015, NO2_2016, NO2_2017, NO2_2018, NO2_2019, NO2_2020, NO2_2021, NO2_2022, NO2_2023, O3_2010, O3_2011, O3_2012, O3_2013, O3_2014, O3_2015, O3_2016, O3_2017, O3_2018, O3_2019, O3_2020, O3_2021, O3_2022, O3_2023, PM25_2010, PM25_2011, PM25_2012, PM25_2013, PM25_2014, PM25_2015, PM25_2016, PM25_2017, PM25_2018, PM25_2019, PM25_2020, PM25_2021, PM25_2022, PM25_2023"
"060515",2,6,5,43.257444,-79.90775,"NO2_1985, NO2_1986, NO2_1987, NO2_1988, NO2_1989, NO2_1990, NO2_1991, NO2_1992, NO2_1993, NO2_1994, NO2_1995, NO2_1996, NO2_1997, NO2_1998, NO2_1999, NO2_2000, O3_1985, O3_1986, O3_1987, O3_1988, O3_1989, O3_1990, O3_1991, O3_1992, O3_1993, O3_1994, O3_1995, O3_1996, O3_1997, O3_1998, O3_1999, O3_2000"
"060607",2,5,5,46.47569,-80.96294,"NO2_2002, O3_2002"
"060607",2,6,6,46.475694,-80.962944,"NO2_1984, NO2_1985, NO2_1986, NO2_1987, NO2_1988, NO2_1989, NO2_1990, NO2_1991, NO2_1992, NO2_1993, NO2_1994, NO2_1995, NO2_1996, NO2_1997, NO2_1998, NO2_1999, NO2_2000, NO2_2001, NO2_2003, NO2_2004, O3_1988, O3_1989, O3_1990, O3_1991, O3_1992, O3_1993, O3_1994, O3_1995, O3_1996, O3_1997, O3_1998, O3_1999, O3_2000, O3_2001, O3_2003, O3_2004"
"060809",2,5,5,48.37939,-89.29017,"NO2_2006, NO2_2007, NO2_2008, NO2_2009, NO2_2010, NO2_2011, NO2_2012, NO2_2013, NO2_2014, NO2_2015, NO2_2016, NO2_2017, NO2_2018, NO2_2019, NO2_2020, NO2_2021, NO2_2022, NO2_2023, O3_2005, O3_2006, O3_2007, O3_2008, O3_2009, O3_2010, O3_2011, O3_2012, O3_2013, O3_2014, O3_2015, O3_2016, O3_2017, O3_2018, O3_2019, O3_2020, O3_2021, O3_2022, O3_2023, PM25_2005, PM25_2006, PM25_2007, PM25_2008, PM25_2009, PM25_2010, PM25_2011, PM25_2012, PM25_2013, PM25_2014, PM25_2015, PM25_2016, PM25_2017, PM25_2018, PM25_2019, PM25_2020, PM25_2021, PM25_2022, PM25_2023"
"060809",2,6,6,48.379389,-89.290167,"O3_2004, PM25_2004"
"060903",2,5,5,43.00672,-81.20642,"NO2_2002, NO2_2005, NO2_2006, NO2_2007, NO2_2008, NO2_2009, NO2_2010, NO2_2011, NO2_2012, O3_2002, O3_2005, O3_2006, O3_2007, O3_2008, O3_2009, O3_2010, O3_2011, O3_2012, PM25_2005, PM25_2006, PM25_2007, PM25_2008, PM25_2009, PM25_2010, PM25_2011, PM25_2012"
"060903",2,6,5,43.006722,-81.20642,"NO2_1995, NO2_1996, NO2_1997, NO2_1998, NO2_1999, NO2_2000, NO2_2001, NO2_2003, NO2_2004, O3_1995, O3_1996, O3_1997, O3_1998, O3_1999, O3_2000, O3_2001, O3_2003, O3_2004, PM25_2001, PM25_2003, PM25_2004"
"061104",2,5,5,44.30183,-78.34639,"NO2_2002, NO2_2006, NO2_2007, NO2_2008, NO2_2009, NO2_2010, NO2_2011, NO2_2012, NO2_2013, NO2_2014, NO2_2015, NO2_2016, NO2_2017, NO2_2018, NO2_2019, NO2_2020, NO2_2021, NO2_2022, NO2_2023, O3_2002, O3_2005, O3_2006, O3_2007, O3_2008, O3_2009, O3_2010, O3_2011, O3_2012, O3_2013, O3_2014, O3_2015, O3_2016, O3_2017, O3_2018, O3_2019, O3_2020, O3_2021, O3_2022, O3_2023, PM25_2005, PM25_2006, PM25_2007, PM25_2008, PM25_2009, PM25_2010, PM25_2011, PM25_2012, PM25_2013, PM25_2014, PM25_2015, PM25_2016, PM25_2017, PM25_2018, PM25_2019, PM25_2020, PM25_2021, PM25_2022, PM25_2023"
"061104",2,8,8,44.30183333,-78.34638611,"NO2_1999, NO2_2000, NO2_2001, NO2_2003, O3_1998, O3_1999, O3_2000, O3_2001, O3_2003, O3_2004, PM25_2001, PM25_2002, PM25_2003, PM25_2004"
"061201",2,5,5,45.01798,-74.73531,"NO2_2006, NO2_2007, NO2_2008, NO2_2009, NO2_2010, NO2_2011, NO2_2012, NO2_2013, NO2_2014, NO2_2015, NO2_2016, NO2_2017, NO2_2018, NO2_2019, NO2_2020, NO2_2021, NO2_2022, NO2_2023, O3_2002, O3_2005, O3_2006, O3_2007, O3_2008, O3_2009, O3_2010, O3_2011, O3_2012, O3_2013, O3_2014, O3_2015, O3_2016, O3_2017, O3_2018, O3_2019, O3_2020, O3_2021, O3_2022, O3_2023, PM25_2005, PM25_2006, PM25_2007, PM25_2008, PM25_2009, PM25_2010, PM25_2011, PM25_2012, PM25_2013, PM25_2014, PM25_2015, PM25_2016, PM25_2017, PM25_2018, PM25_2019, PM25_2020, PM25_2021, PM25_2022, PM25_2023"
"061201",2,7,7,45.0179806,-74.7353139,"NO2_1975, NO2_1976, NO2_1977, NO2_1978, NO2_1979, NO2_1980, NO2_1981, NO2_1982, NO2_1983, NO2_1984, NO2_1985, NO2_1986, NO2_1987, NO2_1988, NO2_1989, NO2_1990, NO2_1991, NO2_1992, NO2_1993, NO2_1994, NO2_1995, NO2_1996, NO2_1997, NO2_1999, NO2_2000, O3_1975, O3_1976, O3_1977, O3_1978, O3_1979, O3_1980, O3_1981, O3_1982, O3_1983, O3_1984, O3_1985, O3_1986, O3_1987, O3_1988, O3_1989, O3_1990, O3_1991, O3_1992, O3_1993, O3_1994, O3_1995, O3_1996, O3_1997, O3_1998, O3_1999, O3_2000, O3_2001, O3_2003, O3_2004, PM25_2003, PM25_2004"
"061602",2,5,5,43.40062,-79.72749,"NO2_2002, O3_2002"
"061602",2,6,6,43.400621,-79.727495,"NO2_1980, NO2_1981, NO2_1982, NO2_1983, NO2_1984, NO2_1985, NO2_1986, NO2_1987, NO2_1988, NO2_1989, NO2_1990, NO2_1991, NO2_1992, NO2_1993, NO2_1994, NO2_1995, NO2_1996, NO2_1997, NO2_1998, NO2_1999, NO2_2000, NO2_2001, O3_1980, O3_1981, O3_1982, O3_1983, O3_1984, O3_1985, O3_1986, O3_1987, O3_1988, O3_1989, O3_1990, O3_1991, O3_1992, O3_1993, O3_1994, O3_1995, O3_1996, O3_1997, O3_1998, O3_1999, O3_2000, O3_2001"
"061802",2,5,5,43.55164,-80.26416,"NO2_2010, NO2_2011, NO2_2012, NO2_2013, NO2_2014, NO2_2015, NO2_2016, NO2_2017, NO2_2018, NO2_2019, NO2_2020, O3_2005, O3_2006, O3_2007, O3_2008, O3_2009, O3_2010, O3_2011, O3_2012, O3_2013, O3_2017, O3_2018, O3_2019, O3_2020, PM25_2005, PM25_2006, PM25_2007, PM25_2008, PM25_2010, PM25_2011, PM25_2012, PM25_2013, PM25_2014, PM25_2015, PM25_2016, PM25_2017, PM25_2018"
"061802",2,5,5,43.55164,-80.26415,"NO2_2009, NO2_2021, NO2_2022, NO2_2023, O3_2002, O3_2014, O3_2015, O3_2016, O3_2021, O3_2022, O3_2023, PM25_2009, PM25_2019, PM25_2020, PM25_2021, PM25_2022, PM25_2023"
"061802",2,8,8,43.55163611,-80.26415556,"NO2_2001, NO2_2003, O3_1986, O3_1987, O3_1988, O3_1989, O3_1990, O3_1991, O3_1992, O3_1993, O3_1994, O3_1995, O3_1996, O3_2000, O3_2001, O3_2003, O3_2004, PM25_2000, PM25_2001, PM25_2002, PM25_2003, PM25_2004"
"063001",2,5,5,43.31457,-79.80276,"NO2_2005, NO2_2006, NO2_2007, NO2_2008, NO2_2010, NO2_2011, NO2_2012, NO2_2013, NO2_2014, NO2_2015, NO2_2016, NO2_2017, NO2_2018, NO2_2019, NO2_2020, O3_2005, O3_2006, O3_2007, O3_2008, O3_2009, O3_2010, O3_2011, O3_2012, O3_2013, O3_2017, O3_2018, O3_2019, O3_2020, PM25_2005, PM25_2006, PM25_2007, PM25_2008, PM25_2010, PM25_2011, PM25_2012, PM25_2013, PM25_2014, PM25_2015, PM25_2016, PM25_2017, PM25_2018"
"063001",2,5,5,43.31458,-79.80276,"NO2_2002, NO2_2009, NO2_2021, NO2_2022, NO2_2023, O3_2002, O3_2014, O3_2015, O3_2016, O3_2021, O3_2022, O3_2023, PM25_2009, PM25_2019, PM25_2020, PM25_2021, PM25_2022, PM25_2023"
"063001",2,6,8,43.314575,-79.80275556,"NO2_1980, NO2_1981, NO2_1982, NO2_1983, NO2_1984, NO2_1985, NO2_1986, NO2_1987, NO2_1988, NO2_1989, NO2_1990, NO2_1991, NO2_1992, NO2_1993, NO2_1994, NO2_1995, NO2_1996, NO2_1997, NO2_1998, NO2_1999, NO2_2000, NO2_2001, NO2_2003, NO2_2004, O3_1980, O3_1981, O3_1982, O3_1983, O3_1984, O3_1985, O3_1986, O3_1987, O3_1988, O3_1989, O3_1990, O3_1991, O3_1992, O3_1993, O3_1994, O3_1995, O3_1996, O3_1997, O3_1998, O3_1999, O3_2000, O3_2001, O3_2003, O3_2004, PM25_2001, PM25_2002, PM25_2003, PM25_2004"
"063301",2,5,5,45.22428,-78.93295,"O3_2002, O3_2014, O3_2015, O3_2016, O3_2021, O3_2022, O3_2023, PM25_2009, PM25_2019, PM25_2020, PM25_2021, PM25_2022, PM25_2023"
"063301",2,5,5,45.22428,-78.93294,"O3_2005, O3_2006, O3_2007, O3_2008, O3_2009, O3_2010, O3_2011, O3_2012, O3_2013, O3_2017, O3_2018, O3_2019, O3_2020, PM25_2005, PM25_2006, PM25_2007, PM25_2008, PM25_2010, PM25_2011, PM25_2012, PM25_2013, PM25_2014, PM25_2015, PM25_2016, PM25_2017, PM25_2018"
"063301",2,6,6,45.224278,-78.932944,"NO2_1982, NO2_1984, NO2_1985, NO2_1986, NO2_1987, NO2_1988, NO2_1989, NO2_1990, NO2_1995, NO2_1996, NO2_1997, NO2_1998, NO2_1999, NO2_2000, NO2_2001, O3_1981, O3_1982, O3_1983, O3_1984, O3_1985, O3_1986, O3_1987, O3_1988, O3_1989, O3_1990, O3_1991, O3_1995, O3_1996, O3_1997, O3_1998, O3_1999, O3_2000, O3_2001, O3_2003, O3_2004, PM25_1999, PM25_2000, PM25_2001, PM25_2003, PM25_2004"
"063701",2,5,5,43.33319,-81.74282,"NO2_2010, NO2_2011, NO2_2012, NO2_2013, NO2_2014, NO2_2015, NO2_2016, NO2_2017, NO2_2018, NO2_2019, NO2_2020, NO2_2021, NO2_2022, NO2_2023, O3_2002, O3_2005, O3_2006, O3_2007, O3_2008, O3_2009, O3_2010, O3_2011, O3_2012, O3_2013, O3_2014, O3_2015, O3_2016, O3_2017, O3_2018, O3_2019, O3_2020, O3_2021, O3_2022, O3_2023, PM25_2005, PM25_2006, PM25_2007, PM25_2008, PM25_2009, PM25_2010, PM25_2011, PM25_2012, PM25_2013, PM25_2014, PM25_2015, PM25_2016, PM25_2017, PM25_2018, PM25_2019, PM25_2020, PM25_2021, PM25_2022, PM25_2023"
"063701",2,8,8,43.33318611,-81.74282222,"O3_1993, O3_1994, O3_1995, O3_1996, O3_1997, O3_1998, O3_1999, O3_2000, O3_2001, O3_2003, O3_2004, PM25_2003, PM25_2004"
"064401",2,5,4,44.23106,-79.7831,"O3_2002, O3_2005, O3_2006, O3_2007, O3_2008, O3_2009, O3_2010, O3_2011, O3_2012, O3_2013, O3_2014, O3_2015, O3_2016, O3_2017, O3_2018, O3_2019, O3_2020, O3_2021, O3_2022, O3_2023"
"064401",2,6,6,44.231111,-79.783056,"O3_1988, O3_1989, O3_1990, O3_1991, O3_1992, O3_1993, O3_1994, O3_1995, O3_1996, O3_1997, O3_1998, O3_1999, O3_2000, O3_2001, O3_2003, O3_2004"
"065001",2,5,5,44.38231,-79.70243,"NO2_2002, NO2_2005, NO2_2006, NO2_2007, NO2_2008, NO2_2009, NO2_2010, NO2_2011, NO2_2012, NO2_2013, NO2_2014, NO2_2015, NO2_2016, NO2_2017, NO2_2018, NO2_2019, NO2_2020, NO2_2021, NO2_2022, NO2_2023, O3_2002, O3_2005, O3_2006, O3_2007, O3_2008, O3_2009, O3_2010, O3_2011, O3_2012, O3_2013, O3_2014, O3_2015, O3_2016, O3_2017, O3_2018, O3_2019, O3_2020, O3_2021, O3_2022, O3_2023, PM25_2005, PM25_2006, PM25_2007, PM25_2008, PM25_2009, PM25_2010, PM25_2011, PM25_2012, PM25_2013, PM25_2014, PM25_2015, PM25_2016, PM25_2017, PM25_2018, PM25_2019, PM25_2020, PM25_2021, PM25_2022, PM25_2023"
"065001",2,8,8,44.38231389,-79.70243056,"NO2_2001, NO2_2003, NO2_2004, O3_2001, O3_2003, O3_2004, PM25_2001, PM25_2002, PM25_2003, PM25_2004"
"090135",2,5,4,53.55469,-113.1449,"NO2_2015, NO2_2016, NO2_2017, NO2_2018, NO2_2019, NO2_2020, O3_2017, O3_2018, O3_2019, O3_2020, PM25_2016, PM25_2017, PM25_2018"
"090135",2,5,5,53.55469,-113.14491,"NO2_2021, NO2_2022, NO2_2023, O3_2016, O3_2021, O3_2022, O3_2023, PM25_2019, PM25_2020, PM25_2021, PM25_2022, PM25_2023"
"090222",2,5,5,51.07922,-114.14183,"NO2_2002, NO2_2005, NO2_2006, NO2_2007, NO2_2008, NO2_2009, NO2_2010, NO2_2011, NO2_2012, NO2_2013, NO2_2014, NO2_2015, NO2_2016, NO2_2017, NO2_2018, O3_2002, O3_2005, O3_2006, O3_2007, O3_2008, O3_2009, O3_2010, O3_2011, O3_2012, O3_2013, O3_2014, O3_2015, O3_2016, O3_2017, O3_2018, PM25_2005, PM25_2006, PM25_2007, PM25_2008, PM25_2009, PM25_2010, PM25_2011, PM25_2012, PM25_2013, PM25_2014, PM25_2015, PM25_2016, PM25_2017, PM25_2018"
"090222",2,6,6,51.079222,-114.141828,"NO2_1975, NO2_1976, NO2_1977, NO2_1978, NO2_1979, NO2_1980, NO2_1981, NO2_1982, NO2_1983, NO2_1984, NO2_1985, NO2_1986, NO2_1987, NO2_1988, NO2_1989, NO2_1990, NO2_1991, NO2_1992, NO2_1993, NO2_1994, NO2_1995, NO2_1996, NO2_1997, NO2_1998, NO2_1999, NO2_2000, NO2_2001, NO2_2003, NO2_2004, O3_1974, O3_1975, O3_1976, O3_1977, O3_1978, O3_1979, O3_1980, O3_1981, O3_1982, O3_1983, O3_1984, O3_1985, O3_1986, O3_1987, O3_1988, O3_1989, O3_1990, O3_1991, O3_1992, O3_1993, O3_1994, O3_1995, O3_1996, O3_1997, O3_1998, O3_1999, O3_2000, O3_2001, O3_2003, O3_2004, PM25_2002, PM25_2003, PM25_2004"
"090250",2,5,4,51.26808,-114.0378,"NO2_2021, NO2_2022, NO2_2023, O3_2021, O3_2022, O3_2023, PM25_2019, PM25_2020, PM25_2021, PM25_2022, PM25_2023"
"090250",2,5,5,51.26808,-114.03779,"NO2_2017, NO2_2018, NO2_2019, NO2_2020, O3_2017, O3_2018, O3_2019, O3_2020, PM25_2017, PM25_2018"
"091001",2,5,1,51.66667,-110.2,"O3_1994, O3_1995, O3_1996, O3_1997, O3_1998, O3_1999, O3_2000, O3_2001, O3_2003, O3_2004"
"091001",2,5,5,51.66975,-110.20653,"O3_2002, O3_2005, O3_2006, O3_2007, O3_2008, O3_2009, O3_2010, O3_2011, O3_2012, O3_2013, O3_2014, O3_2015"
"091601",2,5,5,53.62106,-115.86916,"NO2_2002, NO2_2005, NO2_2006, NO2_2007, NO2_2008, NO2_2009, NO2_2011, NO2_2012, NO2_2013, NO2_2014, NO2_2015, NO2_2016, NO2_2017, NO2_2018, NO2_2019, NO2_2020, NO2_2021, NO2_2022, NO2_2023, O3_2002, O3_2005, O3_2006, O3_2007, O3_2008, O3_2009, O3_2011, O3_2012, O3_2013, O3_2014, O3_2015, O3_2016, O3_2017, O3_2018, O3_2019, O3_2020, O3_2021, O3_2022, O3_2023"
"091601",2,6,7,53.621062,-115.8869155,"NO2_1998, NO2_1999, NO2_2000, NO2_2001, NO2_2003, NO2_2004, O3_1998, O3_1999, O3_2000, O3_2001, O3_2003, O3_2004"
"092001",2,4,4,55.1766,-118.8078,"NO2_2005, NO2_2006, NO2_2007, NO2_2008, NO2_2009, NO2_2010, NO2_2011, NO2_2012, NO2_2013, NO2_2014, NO2_2015, NO2_2016, NO2_2017, NO2_2018, NO2_2019, NO2_2020, NO2_2021, NO2_2022, NO2_2023, O3_2005, O3_2006, O3_2007, O3_2008, O3_2009, O3_2010, O3_2011, O3_2012, O3_2013, O3_2014, O3_2015, O3_2016, O3_2017, O3_2018, O3_2019, O3_2020, O3_2021, O3_2022, O3_2023, PM25_2005, PM25_2006, PM25_2007, PM25_2008, PM25_2009, PM25_2010, PM25_2011, PM25_2012, PM25_2013, PM25_2014, PM25_2015, PM25_2016, PM25_2017, PM25_2018, PM25_2019, PM25_2020, PM25_2021, PM25_2022, PM25_2023"
"092001",2,6,6,55.176636,-118.807756,"NO2_2004, O3_2004, PM25_2004"
"100118",2,5,5,49.26167,-123.16348,"NO2_2002, NO2_2009, O3_2002, O3_2014, PM25_2009"
"100118",2,5,5,49.26167,-123.16347,"NO2_2005, NO2_2006, NO2_2007, NO2_2008, NO2_2010, NO2_2011, NO2_2012, NO2_2013, NO2_2014, O3_2005, O3_2006, O3_2007, O3_2008, O3_2009, O3_2010, O3_2011, O3_2012, O3_2013, PM25_2005, PM25_2006, PM25_2007, PM25_2008, PM25_2010, PM25_2011, PM25_2012, PM25_2013, PM25_2014"
"100118",2,5,6,49.26167,-123.163472,"NO2_1986, NO2_1987, NO2_1988, NO2_1989, NO2_1990, NO2_1991, NO2_1992, NO2_1993, NO2_1994, NO2_1995, NO2_1996, NO2_1997, NO2_1998, NO2_1999, NO2_2000, NO2_2001, NO2_2003, NO2_2004, O3_1986, O3_1987, O3_1988, O3_1989, O3_1990, O3_1991, O3_1992, O3_1993, O3_1994, O3_1995, O3_1996, O3_1997, O3_1998, O3_1999, O3_2000, O3_2001, O3_2003, O3_2004, PM25_2004"
"100119",2,5,5,49.21519,-122.98567,"NO2_2005, NO2_2006, NO2_2007, NO2_2008, NO2_2010, NO2_2011, NO2_2012, NO2_2013, NO2_2014, NO2_2015, NO2_2016, NO2_2017, NO2_2018, NO2_2019, NO2_2020, O3_2005, O3_2006, O3_2007, O3_2008, O3_2009, O3_2010, O3_2011, O3_2012, O3_2013, O3_2017, O3_2018, O3_2019, O3_2020, PM25_2005, PM25_2006, PM25_2007, PM25_2008, PM25_2010, PM25_2011, PM25_2012, PM25_2013, PM25_2014, PM25_2015, PM25_2016, PM25_2017, PM25_2018"
"100119",2,5,5,49.21519,-122.98566,"NO2_2002, NO2_2009, NO2_2021, NO2_2022, NO2_2023, O3_2002, O3_2014, O3_2015, O3_2016, O3_2021, O3_2022, O3_2023, PM25_2009, PM25_2019, PM25_2020, PM25_2021, PM25_2022, PM25_2023"
"100119",2,5,6,49.21519,-122.985666,"NO2_1995, NO2_1996, NO2_1997, NO2_1998, NO2_1999, NO2_2000, NO2_2001, NO2_2003, NO2_2004, O3_1995, O3_1996, O3_1997, O3_1998, O3_1999, O3_2000, O3_2001, O3_2003, O3_2004, PM25_2003, PM25_2004"
"100125",2,5,5,49.15835,-122.90173,"NO2_2002, NO2_2005, NO2_2006, NO2_2007, NO2_2008, NO2_2009, NO2_2010, NO2_2011, NO2_2012, NO2_2013, NO2_2014, NO2_2015, NO2_2016, NO2_2017, NO2_2018, NO2_2019, NO2_2020, NO2_2021, NO2_2022, NO2_2023, O3_2002, O3_2005, O3_2006, O3_2007, O3_2008, O3_2009, O3_2010, O3_2011, O3_2012, O3_2013, O3_2014, O3_2015, O3_2016, O3_2017, O3_2018, O3_2019, O3_2020, O3_2021, O3_2022, O3_2023, PM25_2012, PM25_2013, PM25_2014, PM25_2015, PM25_2016, PM25_2017, PM25_2018, PM25_2019, PM25_2020, PM25_2021, PM25_2022, PM25_2023"
"100125",2,6,5,49.158348,-122.90173,"NO2_1987, NO2_1988, NO2_1989, NO2_1990, NO2_1991, NO2_1992, NO2_1993, NO2_1994, NO2_1995, NO2_1996, NO2_1997, NO2_1998, NO2_1999, NO2_2000, NO2_2001, NO2_2003, NO2_2004, O3_1984, O3_1985, O3_1986, O3_1987, O3_1988, O3_1989, O3_1990, O3_1991, O3_1992, O3_1993, O3_1994, O3_1995, O3_1996, O3_1997, O3_1998, O3_1999, O3_2000, O3_2001, O3_2003, O3_2004"
"100132",2,5,4,49.32399,-123.0835,"NO2_2002, NO2_2005, NO2_2006, NO2_2007, NO2_2008, NO2_2009, NO2_2010, NO2_2011, NO2_2012, NO2_2013, NO2_2014, NO2_2015, NO2_2016, NO2_2017, NO2_2018, NO2_2019, NO2_2020, NO2_2021, NO2_2022, NO2_2023, O3_2002, O3_2005, O3_2006, O3_2007, O3_2008, O3_2009, O3_2010, O3_2011, O3_2012, O3_2013, O3_2014, O3_2015, O3_2016, O3_2017, O3_2018, O3_2019, O3_2020, O3_2021, O3_2022, O3_2023, PM25_2012, PM25_2013, PM25_2014, PM25_2015, PM25_2016, PM25_2017, PM25_2018, PM25_2019, PM25_2020, PM25_2021, PM25_2022, PM25_2023"
"100132",2,5,5,49.32389,-123.08349,"NO2_1991, NO2_1992, NO2_1993, NO2_1994, NO2_1995, NO2_1996, NO2_1997, NO2_1998, NO2_1999, NO2_2000, NO2_2001, NO2_2003, NO2_2004, O3_1991, O3_1992, O3_1993, O3_1994, O3_1995, O3_1996, O3_1997, O3_1998, O3_1999, O3_2000, O3_2001, O3_2003, O3_2004"
"100135",2,5,5,49.28827,-122.79157,"NO2_2002, NO2_2005, NO2_2006, NO2_2007, NO2_2008, NO2_2009, NO2_2010, NO2_2011, NO2_2012, NO2_2013, NO2_2014, NO2_2015, NO2_2016, NO2_2017, NO2_2018, NO2_2019, NO2_2020, NO2_2021, NO2_2022, NO2_2023, O3_2002, O3_2005, O3_2006, O3_2007, O3_2008, O3_2009, O3_2010, O3_2011, O3_2012, O3_2013, O3_2014, O3_2015, O3_2016, O3_2017, O3_2018, O3_2019, O3_2020, O3_2021, O3_2022, O3_2023"
"100135",2,6,5,49.288264,-122.79157,"NO2_2000, NO2_2001, NO2_2003, NO2_2004, O3_2000, O3_2001, O3_2003, O3_2004"
"100304",2,5,5,48.44194,-123.36317,"NO2_2002, NO2_2009, NO2_2021, NO2_2022, NO2_2023, O3_2002, O3_2014, O3_2015, O3_2016, O3_2021, O3_2022, O3_2023, PM25_2009, PM25_2019, PM25_2020, PM25_2021, PM25_2022, PM25_2023"
"100304",2,5,5,48.44194,-123.36316,"NO2_2005, NO2_2006, NO2_2008, NO2_2010, NO2_2011, NO2_2012, NO2_2013, NO2_2014, NO2_2015, NO2_2016, NO2_2017, NO2_2018, NO2_2019, NO2_2020, O3_2005, O3_2006, O3_2008, O3_2009, O3_2010, O3_2011, O3_2012, O3_2013, O3_2017, O3_2018, O3_2019, O3_2020, PM25_2005, PM25_2006, PM25_2007, PM25_2008, PM25_2010, PM25_2011, PM25_2012, PM25_2013, PM25_2014, PM25_2015, PM25_2016, PM25_2017, PM25_2018"
"100304",2,6,6,48.441942,-123.363165,"NO2_1998, NO2_1999, NO2_2000, NO2_2001, NO2_2003, NO2_2004, O3_1998, O3_1999, O3_2000, O3_2001, O3_2003, O3_2004, PM25_1998, PM25_1999, PM25_2000, PM25_2001, PM25_2002, PM25_2003, PM25_2004"
"100701",2,5,5,49.86234,-119.47737,"NO2_2005, NO2_2006, NO2_2007, NO2_2008, NO2_2010, NO2_2011, NO2_2012, NO2_2013, NO2_2014, NO2_2015, NO2_2016, NO2_2017, NO2_2018, NO2_2019, O3_2005, O3_2006, O3_2007, O3_2008, O3_2009, O3_2010, O3_2011, O3_2012, O3_2013, O3_2017, O3_2018, O3_2019, PM25_2005, PM25_2006, PM25_2007, PM25_2008, PM25_2010, PM25_2011, PM25_2012, PM25_2013, PM25_2014, PM25_2015, PM25_2016, PM25_2017, PM25_2018"
"100701",2,5,5,49.86234,-119.47736,"NO2_2002, NO2_2009, O3_2002, O3_2014, O3_2015, O3_2016, PM25_2009, PM25_2019"
"100701",2,6,6,49.862336,-119.477367,"NO2_1998, NO2_1999, NO2_2000, NO2_2001, NO2_2003, NO2_2004, O3_1987, O3_1988, O3_1990, O3_1991, O3_1992, O3_1993, O3_1994, O3_1995, O3_1996, O3_1997, O3_1998, O3_1999, O3_2000, O3_2001, O3_2003, O3_2004, PM25_1998, PM25_1999, PM25_2000, PM25_2001, PM25_2002, PM25_2003, PM25_2004"
"101004",2,4,5,49.0325,-122.35306,"NO2_2005, NO2_2006, NO2_2007, NO2_2008, NO2_2009, NO2_2010, O3_2006, O3_2007, O3_2008, O3_2009, O3_2010, PM25_2005, PM25_2006, PM25_2007, PM25_2008, PM25_2009, PM25_2010"
"101004",2,5,5,49.02528,-122.34389,"NO2_2003, NO2_2004, PM25_2002"
"101101",2,5,5,49.15585,-121.94028,"NO2_2002, NO2_2005, NO2_2006, NO2_2007, NO2_2008, NO2_2009, NO2_2010, NO2_2011, NO2_2012, NO2_2013, NO2_2014, NO2_2015, NO2_2016, NO2_2017, NO2_2018, NO2_2019, NO2_2020, NO2_2021, NO2_2022, NO2_2023, O3_2002, O3_2005, O3_2006, O3_2007, O3_2008, O3_2009, O3_2010, O3_2011, O3_2012, O3_2013, O3_2014, O3_2015, O3_2016, O3_2017, O3_2018, O3_2019, O3_2020, O3_2021, O3_2022, O3_2023, PM25_2005, PM25_2006, PM25_2007, PM25_2008, PM25_2009, PM25_2010, PM25_2011, PM25_2012, PM25_2013, PM25_2014, PM25_2015, PM25_2016, PM25_2017, PM25_2018, PM25_2019, PM25_2020, PM25_2021, PM25_2022, PM25_2023"
"101101",2,6,6,49.155848,-121.940279,"NO2_1986, NO2_1990, NO2_1991, NO2_1992, NO2_1993, NO2_1994, NO2_1995, NO2_1996, NO2_1997, NO2_1998, NO2_1999, NO2_2000, NO2_2001, NO2_2003, NO2_2004, O3_1982, O3_1983, O3_1984, O3_1985, O3_1986, O3_1987, O3_1988, O3_1989, O3_1990, O3_1991, O3_1992, O3_1993, O3_1994, O3_1995, O3_1996, O3_1997, O3_1998, O3_1999, O3_2000, O3_2001, O3_2003, O3_2004, PM25_1995, PM25_1996, PM25_1997, PM25_1998, PM25_1999, PM25_2000, PM25_2001, PM25_2002, PM25_2003, PM25_2004"
"101202",2,5,5,49.24523,-122.70889,"NO2_2002, NO2_2006, NO2_2007, NO2_2008, NO2_2009, NO2_2010, NO2_2011, NO2_2012, NO2_2013, NO2_2014, NO2_2015, NO2_2016, NO2_2017, NO2_2018, NO2_2019, NO2_2020, NO2_2021, NO2_2022, NO2_2023, O3_2002, O3_2006, O3_2007, O3_2008, O3_2009, O3_2010, O3_2011, O3_2012, O3_2013, O3_2014, O3_2015, O3_2016, O3_2017, O3_2018, O3_2019, O3_2020, O3_2021, O3_2022, O3_2023, PM25_2005, PM25_2006, PM25_2007, PM25_2008, PM25_2009, PM25_2010, PM25_2011, PM25_2012, PM25_2013, PM25_2014, PM25_2015, PM25_2016, PM25_2017, PM25_2018, PM25_2019, PM25_2020, PM25_2021, PM25_2022, PM25_2023"
"101202",2,6,5,49.245233,-122.70889,"NO2_1998, NO2_1999, NO2_2000, NO2_2001, NO2_2003, NO2_2004, O3_1998, O3_1999, O3_2000, O3_2001, O3_2003, O3_2004, PM25_1999, PM25_2000, PM25_2001, PM25_2002, PM25_2003, PM25_2004"
"101301",2,5,4,49.09561,-122.5671,"NO2_2002, NO2_2005, NO2_2006, NO2_2007, NO2_2008, NO2_2009, NO2_2010, NO2_2011, NO2_2012, NO2_2013, NO2_2014, NO2_2015, NO2_2016, NO2_2017, NO2_2018, NO2_2019, NO2_2020, NO2_2021, NO2_2022, NO2_2023, O3_2002, O3_2005, O3_2006, O3_2007, O3_2008, O3_2009, O3_2010, O3_2011, O3_2012, O3_2013, O3_2014, O3_2015, O3_2016, O3_2017, O3_2018, O3_2019, O3_2020, O3_2021, O3_2022, O3_2023, PM25_2005, PM25_2006, PM25_2007, PM25_2008, PM25_2009, PM25_2010, PM25_2011, PM25_2012, PM25_2013, PM25_2014, PM25_2015, PM25_2016, PM25_2017, PM25_2018, PM25_2019, PM25_2020, PM25_2021, PM25_2022, PM25_2023"
"101301",2,5,6,49.09561,-122.567104,"NO2_1992, NO2_1993, NO2_1994, NO2_1995, NO2_1996, NO2_1997, NO2_1998, NO2_1999, NO2_2000, NO2_2001, NO2_2003, NO2_2004, O3_1992, O3_1993, O3_1994, O3_1995, O3_1996, O3_1997, O3_1998, O3_1999, O3_2000, O3_2001, O3_2003, O3_2004, PM25_2001, PM25_2002, PM25_2003, PM25_2004"
"101401",2,5,5,49.36989,-121.49912,"NO2_2002, NO2_2005, NO2_2006, NO2_2007, NO2_2008, NO2_2009, NO2_2010, NO2_2011, NO2_2012, NO2_2013, NO2_2014, NO2_2015, NO2_2016, NO2_2017, NO2_2018, NO2_2019, NO2_2020, NO2_2021, NO2_2022, NO2_2023, O3_2002, O3_2005, O3_2006, O3_2007, O3_2008, O3_2009, O3_2010, O3_2011, O3_2012, O3_2013, O3_2014, O3_2015, O3_2016, O3_2017, O3_2018, O3_2019, O3_2020, O3_2021, O3_2022, O3_2023, PM25_2005, PM25_2006, PM25_2007, PM25_2008, PM25_2009, PM25_2010, PM25_2011, PM25_2012, PM25_2013, PM25_2014, PM25_2015, PM25_2016, PM25_2017, PM25_2018, PM25_2019, PM25_2020, PM25_2021, PM25_2022, PM25_2023"
"101401",2,6,5,49.369887,-121.49912,"NO2_1996, NO2_1997, NO2_1998, NO2_1999, NO2_2000, NO2_2001, NO2_2003, NO2_2004, O3_1996, O3_1997, O3_1998, O3_1999, O3_2000, O3_2001, O3_2003, O3_2004, PM25_2004"
"101501",2,5,5,49.21494,-122.58206,"NO2_2005, NO2_2006, NO2_2007, NO2_2008, NO2_2010, NO2_2011, NO2_2012, NO2_2013, NO2_2014, NO2_2015, NO2_2016, NO2_2017, NO2_2018, NO2_2019, NO2_2020, O3_2005, O3_2006, O3_2007, O3_2008, O3_2009, O3_2010, O3_2011, O3_2012, O3_2013, O3_2017, O3_2018, O3_2019, O3_2020"
"101501",2,5,5,49.21494,-122.58205,"NO2_2002, NO2_2009, NO2_2021, NO2_2022, NO2_2023, O3_2002, O3_2014, O3_2015, O3_2016, O3_2021, O3_2022, O3_2023"
"101501",2,5,6,49.21494,-122.582057,"NO2_1998, NO2_1999, NO2_2000, NO2_2001, NO2_2003, NO2_2004, O3_1998, O3_1999, O3_2000, O3_2001, O3_2003, O3_2004"
"101601",2,4,5,49.7001,-123.15422,"NO2_2005, NO2_2007, NO2_2010, NO2_2011, NO2_2012, NO2_2013, NO2_2014, NO2_2015, O3_2005, O3_2007, O3_2009, O3_2010, O3_2011, O3_2012, O3_2013, PM25_2010, PM25_2011, PM25_2013, PM25_2014, PM25_2015"
"101601",2,4,5,49.7001,-123.15421,"NO2_2009, O3_2002, O3_2014, O3_2015, PM25_2009"
"101601",2,6,6,49.700098,-123.154216,"O3_1995, O3_1996, O3_1997, O3_1998, O3_1999, O3_2000, O3_2001, O3_2003, O3_2004"
"101701",2,5,5,52.98169,-122.49323,"NO2_2005, NO2_2006, NO2_2007, NO2_2008, NO2_2009, NO2_2010, NO2_2011, NO2_2012, NO2_2013, NO2_2014, NO2_2015, NO2_2016, NO2_2017, NO2_2018, NO2_2019, NO2_2020, O3_2005, O3_2006, O3_2007, O3_2008, O3_2009, O3_2010, O3_2011, O3_2012, O3_2013, O3_2014, O3_2015, O3_2016, O3_2017, O3_2018, O3_2019, O3_2020, PM25_2005, PM25_2006, PM25_2007, PM25_2008, PM25_2009, PM25_2010, PM25_2011, PM25_2012, PM25_2013, PM25_2014, PM25_2015, PM25_2016, PM25_2017, PM25_2018, PM25_2019, PM25_2020"
"101701",2,6,6,52.981686,-112.493227,"NO2_2003, NO2_2004, O3_2003, O3_2004, PM25_2000, PM25_2001, PM25_2002, PM25_2003, PM25_2004"
"102301",2,5,5,49.86691,-124.52182,"NO2_2002, NO2_2005, NO2_2007, NO2_2008, NO2_2009, NO2_2010, NO2_2011, NO2_2012, NO2_2013, NO2_2014, NO2_2015, NO2_2016, NO2_2017, NO2_2018, PM25_2005, PM25_2007"
"102301",2,6,6,49.866905,-124.521819,"NO2_1999, NO2_2000, NO2_2001, NO2_2003, NO2_2004, PM25_1998, PM25_1999, PM25_2000, PM25_2001, PM25_2002, PM25_2003, PM25_2004"
"102302",2,5,4,49.88689,-124.5581,"PM25_2007, PM25_2010, PM25_2011, PM25_2012, PM25_2013, PM25_2014, PM25_2015, PM25_2016, PM25_2017, PM25_2018"
"102302",2,5,5,49.88689,-124.55811,"PM25_2009"
"102401",2,5,5,54.78331,-127.17732,"NO2_2002, NO2_2005, NO2_2006, NO2_2007, NO2_2008, NO2_2009, NO2_2010, NO2_2011, NO2_2012, NO2_2013, NO2_2014, NO2_2015, NO2_2016, NO2_2017, NO2_2018, O3_2002, O3_2005, O3_2006, O3_2007, O3_2008, O3_2009, O3_2010, O3_2011, O3_2012, O3_2013, O3_2014, O3_2015, O3_2016, O3_2017, O3_2018, PM25_2005, PM25_2006, PM25_2007, PM25_2008, PM25_2009, PM25_2010, PM25_2011, PM25_2012, PM25_2013, PM25_2014, PM25_2015, PM25_2016, PM25_2017, PM25_2018"
"102401",2,6,6,54.783308,-127.177324,"NO2_1999, NO2_2000, NO2_2001, NO2_2003, NO2_2004, O3_1999, O3_2000, O3_2001, O3_2003, O3_2004"
"102501",2,5,5,54.51828,-128.59778,"PM25_2005, PM25_2006, PM25_2007, PM25_2008, PM25_2009, PM25_2010, PM25_2011, PM25_2012, PM25_2013, PM25_2014, PM25_2015"
"102501",2,6,6,54.518437,-128.597251,"PM25_2003, PM25_2004"
"102701",2,5,5,52.14428,-122.15039,"NO2_2005, NO2_2006, NO2_2008, NO2_2009, NO2_2010, NO2_2011, NO2_2012, NO2_2013, NO2_2014, NO2_2015, NO2_2016, NO2_2017, NO2_2018, NO2_2019, NO2_2020, NO2_2021, NO2_2023, O3_2002, O3_2005, O3_2006, O3_2008, O3_2009, O3_2010, O3_2011, O3_2012, O3_2013, O3_2014, O3_2015, O3_2016, O3_2017, O3_2018, O3_2019, O3_2020, O3_2021, O3_2023, PM25_2005, PM25_2006, PM25_2007, PM25_2008, PM25_2009, PM25_2010, PM25_2011, PM25_2012, PM25_2013, PM25_2014, PM25_2015, PM25_2016, PM25_2017, PM25_2018, PM25_2019, PM25_2020, PM25_2021, PM25_2022, PM25_2023"
"102701",2,5,6,52.14428,-122.150391,"NO2_1998, NO2_1999, NO2_2000, NO2_2004, O3_1992, O3_1993, O3_1994, O3_1995, O3_1996, O3_1997, O3_1998, O3_1999, O3_2000, O3_2001, O3_2003, O3_2004, PM25_2001, PM25_2002, PM25_2003, PM25_2004"
"102801",2,5,5,50.01842,-125.24844,"NO2_2002, NO2_2009, O3_2002, PM25_2009, PM25_2019, PM25_2020, PM25_2021, PM25_2022, PM25_2023"
"102801",2,5,5,50.01843,-125.24844,"NO2_2005, NO2_2006, NO2_2007, NO2_2008, NO2_2010, NO2_2011, NO2_2012, NO2_2013, O3_2005, O3_2006, O3_2007, O3_2008, O3_2009, O3_2010, O3_2011, O3_2012, O3_2013, PM25_2006, PM25_2007, PM25_2008, PM25_2010, PM25_2011, PM25_2012, PM25_2013, PM25_2014, PM25_2015, PM25_2016, PM25_2017, PM25_2018"
"102801",2,6,5,50.018425,-125.24844,"NO2_2001, NO2_2003, NO2_2004, O3_2001, O3_2003, O3_2004"
"103202",2,4,5,51.2975,-116.96685,"PM25_2005, PM25_2006, PM25_2007, PM25_2009, PM25_2010, PM25_2011, PM25_2012, PM25_2013, PM25_2014, PM25_2015, PM25_2016, PM25_2017, PM25_2018, PM25_2019, PM25_2020, PM25_2021, PM25_2022, PM25_2023"
"103202",2,6,6,51.297497,-116.966852,"PM25_2002, PM25_2003, PM25_2004"
"103901",2,5,5,54.05389,-128.67144,"PM25_2005, PM25_2006, PM25_2007, PM25_2008, PM25_2010, PM25_2011, PM25_2012, PM25_2013, PM25_2014, PM25_2015, PM25_2016, PM25_2017, PM25_2018"
"103901",2,5,5,54.05389,-128.67143,"PM25_2009, PM25_2019, PM25_2020, PM25_2021, PM25_2022, PM25_2023"
"103901",2,5,6,54.05389,-128.671436,"PM25_2002, PM25_2003, PM25_2004"
"104003",2,5,5,50.26062,-119.27072,"NO2_2002, NO2_2005, NO2_2006, NO2_2007, NO2_2008, NO2_2009, NO2_2010, NO2_2011, NO2_2012, NO2_2013, NO2_2014, NO2_2015, NO2_2016, NO2_2017, NO2_2018, NO2_2019, NO2_2020, NO2_2021, NO2_2022, NO2_2023, O3_2002, O3_2005, O3_2006, O3_2007, O3_2008, O3_2009, O3_2010, O3_2011, O3_2012, O3_2013, O3_2014, O3_2015, O3_2016, O3_2017, O3_2018, O3_2019, O3_2020, O3_2021, O3_2022, O3_2023, PM25_2005, PM25_2006, PM25_2007, PM25_2008, PM25_2009, PM25_2010, PM25_2011, PM25_2012, PM25_2013, PM25_2014, PM25_2015, PM25_2016, PM25_2017, PM25_2018, PM25_2019, PM25_2020, PM25_2021, PM25_2022, PM25_2023"
"104003",2,6,6,50.260617,-119.270723,"NO2_2003, NO2_2004, O3_2003, O3_2004, PM25_2002, PM25_2003, PM25_2004"
"104301",2,5,5,56.15018,-120.68698,"NO2_2002, NO2_2021, NO2_2022, NO2_2023, O3_2002, O3_2021, O3_2022, O3_2023"
"104301",2,5,5,56.15019,-120.68699,"NO2_2018, NO2_2019, NO2_2020, O3_2018, O3_2019, O3_2020"
"104301",2,6,6,56.150186,-120.686985,"NO2_1999, NO2_2000, NO2_2001, O3_1999, O3_2000, O3_2001"
"105001",2,5,4,50.14428,-122.9604,"NO2_2009, NO2_2021, NO2_2022, NO2_2023, O3_2002, O3_2014, O3_2015, O3_2016, O3_2021, O3_2022, O3_2023, PM25_2009, PM25_2019, PM25_2020, PM25_2021, PM25_2022, PM25_2023"
"105001",2,5,4,50.14429,-122.9604,"NO2_2005, NO2_2007, NO2_2008, NO2_2010, NO2_2011, NO2_2012, NO2_2013, NO2_2014, NO2_2015, NO2_2016, NO2_2017, NO2_2018, NO2_2019, NO2_2020, O3_2005, O3_2007, O3_2008, O3_2009, O3_2010, O3_2011, O3_2012, O3_2013, O3_2017, O3_2018, O3_2019, O3_2020, PM25_2005, PM25_2007, PM25_2008, PM25_2010, PM25_2011, PM25_2012, PM25_2013, PM25_2014, PM25_2015, PM25_2016, PM25_2017, PM25_2018"
"105001",2,6,6,50.144285,-122.960402,"NO2_2003, NO2_2004, O3_2001, O3_2003, O3_2004"
"105101",2,5,5,54.39859,-126.64684,"PM25_2009, PM25_2019, PM25_2020, PM25_2021, PM25_2022, PM25_2023"
"105101",2,5,5,54.39859,-126.64683,"PM25_2005, PM25_2006, PM25_2007, PM25_2008, PM25_2010, PM25_2011, PM25_2012, PM25_2013, PM25_2014, PM25_2015, PM25_2016, PM25_2017, PM25_2018"
"105101",2,6,6,54.398594,-126.646833,"PM25_2001, PM25_2002, PM25_2003, PM25_2004"
"105301",2,5,5,49.43885,-123.47919,"NO2_2002, NO2_2005, NO2_2006, NO2_2007, NO2_2009, NO2_2010, NO2_2011, NO2_2012, NO2_2013, NO2_2014, NO2_2015, NO2_2016, NO2_2017, NO2_2018, NO2_2019, NO2_2020, NO2_2021, NO2_2022, NO2_2023, PM25_2014, PM25_2015, PM25_2016, PM25_2017, PM25_2018, PM25_2019, PM25_2020, PM25_2021, PM25_2022, PM25_2023"
"105301",2,6,6,49.438848,-123.479185,"NO2_2001, NO2_2003, NO2_2004"
"105604",2,0,4,49,-119.4625,"NO2_2004, O3_2004, PM25_2004"
"105604",2,5,5,49.05584,-119.50792,"NO2_2005, NO2_2006, NO2_2007, NO2_2008, NO2_2009, NO2_2010, NO2_2011, NO2_2012, O3_2005, O3_2006, O3_2007, O3_2008, O3_2009, O3_2010, O3_2011, O3_2012, PM25_2005, PM25_2006, PM25_2007, PM25_2008, PM25_2010, PM25_2011, PM25_2012"
"119003",2,5,5,60.71861,-135.04919,"NO2_2002, NO2_2005, NO2_2008, O3_2002, O3_2005, O3_2007, O3_2008, O3_2009, O3_2010, O3_2011, PM25_2005, PM25_2007, PM25_2008, PM25_2009, PM25_2010, PM25_2011, PM25_2012"
"119003",2,6,6,60.718609,-135.049193,"NO2_2001, NO2_2003, NO2_2004, O3_2001, O3_2003, O3_2004, PM25_2001, PM25_2002, PM25_2003, PM25_2004"
"129202",2,5,4,68.36005,-133.7272,"NO2_2009, PM25_2009"
"129202",2,5,5,68.36005,-133.72721,"NO2_2006, NO2_2007, NO2_2008, NO2_2010, NO2_2011, O3_2006, O3_2007, O3_2008, O3_2009, O3_2011, PM25_2006, PM25_2007, PM25_2008, PM25_2010, PM25_2011"
