site_id,lat,lng,files
010102,47.56038,-52.7115,"PM25_1998, NO2_2003, NO2_2004, O3_1994, O3_1999, NO2_1991, NO2_2000, PM25_2004, O3_2000, NO2_2001, O3_1998, NO2_1998, PM25_1999, NO2_1992, O3_2004, PM25_2000, NO2_1997, NO2_1993, O3_1997, PM25_2003, O3_2003, NO2_1994, O3_1996, O3_1992, PM25_2001, NO2_1990, PM25_2002, O3_1995, O3_1989, O3_1993, O3_1991, NO2_1999, O3_1990, O3_2001, NO2_1995"
010102,47.56038,-52.71147,"O3_2008, PM25_2014, O3_2023, NO2_2017, O3_2018, NO2_2020, NO2_2013, NO2_2005, O3_2012, PM25_2005, PM25_2011, O3_2015, NO2_2015, O3_2017, O3_2007, NO2_2014, PM25_2009, NO2_2011, NO2_2019, NO2_2023, PM25_2016, PM25_2020, O3_2021, PM25_2008, O3_2020, O3_2005, PM25_2023, O3_2016, NO2_2009, O3_2014, PM25_2019, O3_2019, O3_2022, PM25_2013, NO2_2021, PM25_2006, PM25_2021, NO2_2022, PM25_2010, O3_2002, NO2_2002, NO2_2010, PM25_2015, NO2_2018, PM25_2022, PM25_2018, O3_2011, O3_2013, NO2_2006, O3_2009, O3_2010, NO2_2016, PM25_2007, NO2_2008, O3_2006, PM25_2017, NO2_2012, PM25_2012"
010301,48.94948,-57.94539,"PM25_2006, PM25_2005, NO2_2005, O3_2002, NO2_2002, NO2_2007, NO2_2006, PM25_2007, NO2_2008, O3_2006, O3_2008, O3_2007, PM25_2008, O3_2005"
010301,48.949479,-57.945387,"O3_2004, PM25_2003, O3_2003, NO2_2003, NO2_2004, PM25_2002, O3_2001, PM25_2001, PM25_2004, NO2_2001"
010701,51.021995,-57.095567,O3_2004
010701,51.02199,-57.09557,"O3_2007, O3_2008, O3_2005, O3_2009, O3_2006"
030118,44.64642,-63.57338,"O3_2002, NO2_2002, O3_2016, O3_2014, O3_2015"
030118,44.64643,-63.57338,"NO2_2010, NO2_2006, O3_2009, O3_2010, NO2_2016, NO2_2008, O3_2006, NO2_2017, O3_2018, NO2_2013, NO2_2005, NO2_2007, NO2_2018, O3_2011, O3_2013, NO2_2012, O3_2017, O3_2007, NO2_2014, O3_2008, O3_2005, O3_2012, NO2_2015, NO2_2011"
030118,44.646425,-63.573383,"O3_1990, O3_2001, NO2_1994, O3_1995, O3_1993, NO2_1990, O3_1991, O3_1996, O3_1992, O3_1994, NO2_1991, NO2_2000, O3_2000, NO2_2001, O3_1998, O3_2003, NO2_1992, O3_2004, NO2_1998, NO2_1993, NO2_1996, NO2_1995, NO2_2004"
030120,44.7198,-63.48076,"PM25_2019, O3_2019, O3_2022, PM25_2013, NO2_2021, PM25_2008, O3_2020, PM25_2023, O3_2009, O3_2010, NO2_2016, NO2_2008, O3_2006, PM25_2007, PM25_2018, O3_2011, O3_2013, NO2_2006, NO2_2007, NO2_2018, PM25_2022, NO2_2017, O3_2018, NO2_2020, NO2_2013, PM25_2006, PM25_2021, NO2_2022, O3_2008, PM25_2014, O3_2023, O3_2016, NO2_2009, O3_2014, PM25_2017, NO2_2012, PM25_2012, PM25_2016, PM25_2020, O3_2021, O3_2017, O3_2007, NO2_2014, PM25_2009, NO2_2011, NO2_2019, NO2_2023, O3_2012, PM25_2005, PM25_2011, O3_2015, NO2_2015, PM25_2010, NO2_2010, PM25_2015"
030120,44.719799,-63.480754,"PM25_2004, PM25_2003, PM25_2001, PM25_2002"
030201,45.61416,-61.36235,"PM25_2019, O3_2022, NO2_2021, PM25_2021, NO2_2022, PM25_2022, NO2_2023, PM25_2020, O3_2021, O3_2015, O3_2016, O3_2014, PM25_2023, O3_2023"
030201,45.61416,-61.36236,"NO2_2017, O3_2018, NO2_2020, NO2_2013, PM25_2014, PM25_2018, O3_2011, O3_2013, PM25_2010, NO2_2010, PM25_2015, O3_2019, PM25_2013, O3_2010, NO2_2016, O3_2020, O3_2012, PM25_2011, NO2_2015, PM25_2016, PM25_2017, NO2_2012, PM25_2012, NO2_2011, NO2_2019, O3_2017, NO2_2014, NO2_2018"
030501,44.433611,-65.205833,"O3_1997, PM25_2003, O3_2003, O3_1990, O3_2001, O3_1991, O3_1988, PM25_2002, O3_1995, O3_1989, O3_1993, O3_1994, O3_1999, O3_1985, PM25_2004, O3_1996, O3_1992, PM25_2001, PM25_1998, O3_1987, PM25_2000, PM25_1999, O3_1986, O3_2004, O3_2000, O3_1998"
030501,44.43361,-65.20583,"O3_2008, O3_2011, O3_2013, O3_2002, O3_2009, O3_2010, O3_2006, PM25_2008, O3_2005, O3_2012, O3_2015, PM25_2009, O3_2007, O3_2016, O3_2014"
030701,45.07254,-64.84025,"PM25_2016, PM25_2020, O3_2021, PM25_2010, O3_2002, NO2_2010, PM25_2015, O3_2017, O3_2007, NO2_2014, O3_2012, PM25_2011, O3_2015, NO2_2015, O3_2016, O3_2014, PM25_2014, O3_2023, PM25_2017, NO2_2012, PM25_2012, PM25_2009, NO2_2011, PM25_2022, NO2_2017, O3_2018, NO2_2013, PM25_2019, O3_2019, O3_2022, PM25_2013, O3_2009, O3_2010, NO2_2016, PM25_2007, O3_2006, PM25_2021, PM25_2018, O3_2011, O3_2013, PM25_2008, O3_2020, O3_2005, PM25_2023"
030701,45.07267,-64.84033,"O3_1991, O3_2004, O3_1995, O3_1993, O3_1994, O3_2001, O3_2000, O3_1998, O3_2003, O3_1992"
030901,45.68174,-62.69658,"PM25_2019, O3_2019, O3_2022, PM25_2013, NO2_2021, PM25_2008, O3_2020, O3_2005, PM25_2023, O3_2009, O3_2010, NO2_2016, PM25_2007, O3_2006, PM25_2018, O3_2011, O3_2013, NO2_2018, PM25_2022, NO2_2017, O3_2018, NO2_2020, NO2_2013, PM25_2006, PM25_2021, NO2_2022, O3_2008, PM25_2014, O3_2023, O3_2016, O3_2014, PM25_2017, NO2_2012, PM25_2012, PM25_2016, PM25_2020, O3_2021, O3_2017, O3_2007, NO2_2014, PM25_2009, NO2_2011, NO2_2019, NO2_2023, O3_2012, PM25_2005, PM25_2011, O3_2015, NO2_2015, O3_2002, PM25_2015"
030901,45.68167,-62.69664,"O3_2003, O3_2004, O3_2001"
031001,43.93307,-59.90365,"NO2_2003, NO2_2004, O3_2003, O3_2004"
031001,43.9323,-60.00929,"NO2_2010, O3_2007, O3_2012, PM25_2005, PM25_2011, O3_2008, PM25_2014, NO2_2012, PM25_2012, NO2_2011, NO2_2007, NO2_2006, NO2_2005, PM25_2013, O3_2009, O3_2010, PM25_2007, NO2_2008, O3_2006, PM25_2006, O3_2011, O3_2013, PM25_2008, O3_2005"
031101,45.06725,-64.4774,"O3_2004, O3_2003"
031101,45.06728,-64.47742,"PM25_2021, NO2_2022, O3_2008, O3_2023, PM25_2016, PM25_2020, O3_2021, PM25_2017, O3_2017, O3_2007, O3_2016, O3_2020, O3_2005, PM25_2023, O3_2009, O3_2010, NO2_2016, O3_2006, NO2_2017, O3_2018, NO2_2020, PM25_2018, O3_2011, O3_2013, NO2_2018, PM25_2022, O3_2002, PM25_2019, O3_2019, O3_2022, NO2_2021, NO2_2019, NO2_2023"
040103,45.957318,-66.646719,"PM25_2003, O3_2003, O3_2004, PM25_1999, NO2_2003, NO2_2004, O3_2000, NO2_2001, O3_1999, NO2_2000, PM25_2004, O3_2001, PM25_2002, NO2_1999, PM25_2001, PM25_2000"
040103,45.95732,-66.64672,"O3_2012, PM25_2005, PM25_2011, O3_2015, NO2_2015, PM25_2006, O3_2008, PM25_2014, PM25_2016, PM25_2017, NO2_2012, PM25_2012, O3_2017, O3_2007, NO2_2014, O3_2016, NO2_2009, O3_2014, PM25_2008, O3_2005, O3_2009, O3_2010, NO2_2016, PM25_2007, NO2_2008, O3_2006, NO2_2017, NO2_2005, NO2_2013, NO2_2006, O3_2011, O3_2013, NO2_2007, PM25_2010, O3_2002, NO2_2002, NO2_2010, PM25_2015, PM25_2013, PM25_2009, NO2_2011"
040104,45.95729,-66.64524,"O3_2017, O3_2020, NO2_2019, PM25_2017, PM25_2018, O3_2019, NO2_2017, O3_2018, NO2_2020, NO2_2018"
040104,45.95729,-66.64523,"O3_2023, PM25_2021, NO2_2022, PM25_2019, O3_2022, NO2_2021, PM25_2023, PM25_2020, O3_2021, NO2_2023, PM25_2022"
040203,45.308762,-66.008384,"NO2_1996, NO2_1995, PM25_2002, O3_1995, O3_1989, O3_1993, O3_1983, NO2_1992, NO2_1987, O3_2004, NO2_1994, O3_1987, O3_1982, O3_2000, NO2_2001, O3_1998, O3_1997, PM25_2003, O3_2003, PM25_2000, NO2_1997, NO2_1993, NO2_1998, PM25_1999, O3_1986, NO2_1990, O3_1991, NO2_1988, O3_1984, O3_1994, O3_1999, O3_1985, NO2_1989, NO2_1991, NO2_2000, PM25_2004, PM25_1997, O3_1980, O3_1981, O3_1996, O3_1992, PM25_2001, O3_1990, PM25_1996, O3_2001, NO2_1999, O3_1988, PM25_1998, NO2_2003, NO2_2004"
040203,45.30876,-66.00838,"PM25_2008, O3_2020, O3_2005, PM25_2023, PM25_2019, O3_2019, O3_2022, PM25_2013, NO2_2021, O3_2016, NO2_2009, O3_2014, PM25_2009, NO2_2011, NO2_2019, NO2_2023, O3_2017, O3_2007, NO2_2014, PM25_2017, NO2_2012, PM25_2012, O3_2008, PM25_2014, O3_2023, O3_2012, PM25_2005, PM25_2011, O3_2015, NO2_2015, NO2_2017, O3_2018, NO2_2020, NO2_2005, NO2_2013, O3_2009, O3_2010, NO2_2016, PM25_2007, NO2_2008, O3_2006, NO2_2007, NO2_2018, PM25_2022, O3_2002, NO2_2002, PM25_2015, NO2_2006, PM25_2018, O3_2011, O3_2013, PM25_2006, PM25_2021, NO2_2022, PM25_2016, PM25_2020, O3_2021"
040206,45.26968,-66.06151,"NO2_2007, NO2_2012, O3_2011, O3_2013, O3_2009, O3_2010, NO2_2016, NO2_2008, O3_2006, O3_2002, NO2_2002, NO2_2010, NO2_2006, NO2_2011, O3_2005, O3_2008, O3_2012, O3_2015, NO2_2015, O3_2016, NO2_2009, O3_2014, O3_2007, NO2_2014, NO2_2005, NO2_2013"
040206,45.269677,-66.06151,"NO2_1997, NO2_1993, NO2_1999, O3_1996, O3_1992, O3_2001, O3_1994, O3_1999, NO2_1991, NO2_2000, O3_1995, O3_1993, O3_1991, NO2_1996, NO2_1995, NO2_1998, NO2_2003, NO2_2004, O3_1997, O3_2003, NO2_1994, O3_2000, NO2_2001, O3_1998, NO2_1992, O3_2004"
040207,45.2529,-66.08006,"O3_2015, PM25_2021, NO2_2022, O3_2023, PM25_2020, O3_2021, O3_2016, NO2_2009, O3_2014, PM25_2023, PM25_2022, O3_2002, PM25_2019, O3_2022, NO2_2021, PM25_2009, NO2_2023"
040207,45.2529,-66.08007,"O3_2017, O3_2007, NO2_2014, PM25_2010, PM25_2015, NO2_2017, O3_2018, NO2_2020, O3_2019, PM25_2013, PM25_2006, PM25_2018, O3_2011, O3_2013, NO2_2018, NO2_2019, PM25_2016, O3_2012, PM25_2005, PM25_2011, NO2_2015, PM25_2008, O3_2020, O3_2005, O3_2008, PM25_2014, PM25_2017, NO2_2012, PM25_2012, O3_2009, O3_2010, NO2_2016, PM25_2007, NO2_2008, O3_2006"
040207,45.252898,-66.080065,"O3_2000, O3_1998, O3_1999, O3_2001, O3_2004, O3_1997, O3_2003"
040302,46.101578,-64.789661,"O3_2004, PM25_2002, O3_1999, NO2_2000, PM25_2004, O3_2001, NO2_1999, NO2_1998, PM25_1999, O3_2000, NO2_2001, O3_1998, NO2_2003, NO2_2004, PM25_2003, O3_2003, PM25_2000, PM25_2001"
040302,46.10158,-64.78966,"O3_2008, PM25_2014, O3_2023, NO2_2017, O3_2018, NO2_2020, NO2_2005, NO2_2013, O3_2012, PM25_2005, PM25_2011, O3_2015, NO2_2015, O3_2017, O3_2007, NO2_2014, PM25_2009, NO2_2019, NO2_2023, NO2_2011, PM25_2016, PM25_2020, O3_2021, PM25_2008, O3_2020, O3_2005, PM25_2023, O3_2016, NO2_2009, O3_2014, PM25_2019, O3_2019, O3_2022, PM25_2013, NO2_2021, PM25_2006, PM25_2021, NO2_2022, PM25_2010, O3_2002, NO2_2002, NO2_2010, PM25_2015, NO2_2007, NO2_2018, PM25_2022, PM25_2018, O3_2011, O3_2013, NO2_2006, O3_2009, O3_2010, NO2_2016, PM25_2007, NO2_2008, O3_2006, PM25_2017, NO2_2012, PM25_2012"
040501,45.073272,-66.449573,"O3_1994, O3_1999, O3_1996, O3_1992, O3_1988, O3_1991, O3_1990, O3_2001, O3_1997, O3_2003, O3_2000, O3_2004, O3_1986, O3_1987, O3_1995, O3_1989, O3_1993"
040501,45.07327,-66.44957,"O3_2008, O3_2011, O3_2013, O3_2002, O3_2009, O3_2010, O3_2006, O3_2005, O3_2012, O3_2015, O3_2007, O3_2014"
040601,45.605756,-66.561643,"O3_1988, O3_1997, O3_2003, O3_2000, O3_1998, O3_2004, O3_1991, O3_1996, O3_1992, O3_1990, O3_2001, O3_1994, O3_1999, O3_1995, O3_1989, O3_1993, O3_1987"
040601,45.60543,-66.5595,"O3_2014, O3_2002"
040601,45.60542,-66.55951,"O3_2011, O3_2013, O3_2009, O3_2010, O3_2006, O3_2007, O3_2012, O3_2008, O3_2005"
040801,45.95007,-67.47774,"PM25_2013, O3_2005, O3_2009, O3_2010, PM25_2007, O3_2006, O3_2011, O3_2013, PM25_2006, O3_2008, PM25_2014, O3_2014, PM25_2012, O3_2007, PM25_2009, O3_2012, PM25_2005, PM25_2011, PM25_2010, O3_2002"
040801,45.950069,-67.477738,"O3_2000, O3_1998, O3_2004, O3_1995, O3_1994, O3_1999, O3_2001, O3_1996, O3_1997, O3_2003"
040901,45.08691,-67.07404,"PM25_2017, PM25_2012, PM25_2022, PM25_2009, NO2_2019, NO2_2023, O3_2016, O3_2014, O3_2012, PM25_2005, PM25_2011, O3_2015, PM25_2008, O3_2020, O3_2005, PM25_2023, PM25_2016, PM25_2020, O3_2021, O3_2017, O3_2007, PM25_2010, O3_2002, PM25_2015, PM25_2018, O3_2011, O3_2013, PM25_2019, O3_2019, O3_2022, PM25_2013, NO2_2021, O3_2018, NO2_2020, PM25_2006, PM25_2021, NO2_2022, O3_2009, O3_2010, PM25_2007, O3_2006, O3_2008, PM25_2014, O3_2023"
040901,45.086912,-67.074036,"PM25_2002, O3_2001, PM25_2001, PM25_2000, O3_2004, O3_1997, PM25_2003, O3_2003, PM25_1998, O3_2000, O3_1998, PM25_1999, O3_1999, PM25_2004"
041101,47.15763,-67.83101,"O3_2009, O3_2010, O3_2006, O3_2005, O3_2012, O3_2008, O3_2011, O3_2013, O3_2007"
041101,47.157628,-67.831015,"O3_2000, O3_2004, O3_2003, O3_2001"
041101,47.15763,-67.83102,"O3_2016, O3_2014, O3_2015, O3_2002"
041201,47.07109,-65.42353,"O3_2012, O3_2015, O3_2018, O3_2002, O3_2009, O3_2010, O3_2006, O3_2016, O3_2014, O3_2008, O3_2017, O3_2007, O3_2005, O3_2011, O3_2013"
041201,47.071087,-65.423534,"O3_2000, O3_2003, O3_2001, O3_2004"
041601,47.02567,-65.52049,"NO2_2020, O3_2020"
041601,47.02567,-65.52048,"PM25_2021, NO2_2022, PM25_2022, O3_2022, NO2_2021, O3_2023, NO2_2023, PM25_2020, O3_2021, PM25_2023"
050102,45.56221,-73.57178,"O3_2002, NO2_2002, NO2_2009"
050102,45.56221,-73.57179,"O3_2007, O3_2008, NO2_2007, NO2_2006, NO2_2005, O3_2009, NO2_2008, O3_2006, O3_2005"
050102,45.562117,-73.571627,"NO2_1992, NO2_1987, O3_2004, O3_1977, O3_1991, NO2_1975, NO2_1986, NO2_1996, NO2_1995, O3_1976, NO2_1976, O3_1997, O3_2003, NO2_2003, NO2_2004, NO2_1982, NO2_1974, NO2_1994, O3_1987, O3_1982, NO2_1998, O3_1986, NO2_1980, NO2_1997, NO2_1993, NO2_1999, O3_1988, O3_1974, O3_1995, O3_1989, O3_1993, NO2_1981, O3_1983, O3_2001, NO2_1977, NO2_1985, O3_1990, O3_1979, O3_1980, O3_1981, O3_1996, O3_1992, O3_1978, NO2_1978, O3_1994, O3_1999, O3_1985, NO2_1989, NO2_1991, NO2_2000, NO2_1988, O3_1984, NO2_1984, NO2_1990, NO2_1983, O3_2000, NO2_2001, O3_1975, O3_1998, NO2_1979"
050103,45.641026,-73.499682,"O3_1974, O3_1995, O3_1989, O3_1993, O3_1983, NO2_1986, NO2_1996, NO2_1995, O3_1977, O3_1991, O3_2001, NO2_1985, O3_1990, O3_1979, O3_1980, O3_1981, O3_1996, O3_1992, NO2_1988, O3_1984, NO2_1984, NO2_1983, NO2_1999, O3_1988, NO2_1997, NO2_1993, NO2_1992, NO2_1987, O3_2004, O3_1976, O3_1997, O3_2003, NO2_2003, NO2_2004, NO2_1982, O3_2000, NO2_2001, O3_1975, O3_1998, NO2_1994, O3_1987, O3_1982, NO2_1998, O3_1986, O3_1978, O3_1994, O3_1999, O3_1985, NO2_2000, PM25_2004"
050103,45.64103,-73.49968,"PM25_2010, O3_2002, NO2_2002, NO2_2010, PM25_2015, PM25_2020, O3_2021, PM25_2016, NO2_2006, PM25_2021, PM25_2006, NO2_2022, O3_2009, O3_2010, NO2_2016, PM25_2007, NO2_2008, O3_2006, NO2_2017, O3_2018, NO2_2020, NO2_2005, NO2_2013, NO2_2007, NO2_2018, PM25_2022, PM25_2018, O3_2011, O3_2013, PM25_2017, NO2_2012, PM25_2012, O3_2017, O3_2007, NO2_2014, O3_2008, PM25_2014, O3_2023, PM25_2008, O3_2020, O3_2005, PM25_2023, O3_2016, NO2_2009, O3_2014, PM25_2011, O3_2012, O3_2015, PM25_2005, NO2_2015, PM25_2009, NO2_2019, NO2_2023, NO2_2011, PM25_2019, O3_2019, O3_2022, PM25_2013, NO2_2021"
050104,45.52055,-73.56322,"NO2_2007, NO2_2005, NO2_2008, O3_2006, NO2_2006, O3_2002, NO2_2002, O3_2007, O3_2008, O3_2005"
050104,45.520532,-73.563178,"NO2_2003, NO2_2004, NO2_1982, O3_1978, NO2_1978, O3_1994, O3_1999, O3_1985, NO2_1989, NO2_1991, NO2_2000, O3_2000, NO2_2001, O3_1975, O3_1998, NO2_1979, NO2_1998, O3_1986, NO2_1980, NO2_1992, NO2_1987, O3_2004, NO2_1997, NO2_1993, O3_1976, NO2_1976, O3_1997, O3_2003, NO2_1974, NO2_1994, O3_1987, O3_1982, NO2_1988, O3_1984, NO2_1984, O3_1979, O3_1980, O3_1981, O3_1996, O3_1992, NO2_1990, NO2_1983, O3_1974, O3_1995, O3_1989, O3_1993, NO2_1981, O3_1983, O3_1977, O3_1991, NO2_1999, O3_1988, O3_2001, NO2_1977, NO2_1985, O3_1990, NO2_1975, NO2_1986, NO2_1996, NO2_1995"
050105,45.497859,-73.573035,"PM25_1997, PM25_2001, PM25_2004, PM25_2002, PM25_1998, PM25_1999, PM25_2000, PM25_2003"
050105,45.49786,-73.57304,"PM25_2013, PM25_2008, PM25_2007, PM25_2006, PM25_2014, PM25_2012, PM25_2009, PM25_2011, PM25_2005, PM25_2010"
050109,45.502679,-73.663875,"O3_1976, O3_1997, PM25_2003, O3_2003, NO2_1988, O3_1984, NO2_1984, NO2_1994, O3_1987, O3_1982, NO2_1992, NO2_1987, O3_2004, NO2_1998, O3_1986, NO2_1980, NO2_1986, NO2_1996, NO2_1995, NO2_2003, NO2_2004, NO2_1982, O3_2000, NO2_2001, O3_1975, O3_1998, NO2_1979, O3_1978, NO2_1978, O3_1994, O3_1999, O3_1985, NO2_1989, NO2_1991, NO2_2000, PM25_2004, O3_2001, NO2_1977, NO2_1985, O3_1990, PM25_2002, O3_1974, O3_1995, O3_1989, O3_1993, NO2_1981, O3_1983, NO2_1990, NO2_1983, NO2_1999, O3_1988, O3_1977, O3_1991, O3_1979, O3_1980, O3_1981, O3_1996, O3_1992, PM25_2001, NO2_1997, NO2_1993"
050109,45.50265,-73.66391,"O3_2016, NO2_2009, O3_2014, O3_2009, O3_2010, NO2_2016, PM25_2007, NO2_2008, O3_2006, PM25_2008, O3_2020, O3_2005, PM25_2023, PM25_2017, NO2_2012, PM25_2012, PM25_2020, O3_2021, PM25_2016, PM25_2009, NO2_2019, NO2_2023, NO2_2011, PM25_2011, O3_2012, O3_2015, PM25_2005, NO2_2015, O3_2008, PM25_2014, O3_2023, PM25_2021, PM25_2006, NO2_2022, PM25_2019, O3_2019, O3_2022, PM25_2013, NO2_2021, PM25_2018, O3_2011, O3_2013, NO2_2006, PM25_2010, O3_2002, NO2_2002, NO2_2010, PM25_2015, NO2_2007, NO2_2018, PM25_2022, NO2_2017, O3_2018, NO2_2020, NO2_2005, NO2_2013, O3_2017, O3_2007, NO2_2014"
050110,45.59458,-73.64154,"PM25_2010, NO2_2010, NO2_2006, PM25_2006, O3_2009, O3_2010, PM25_2007, NO2_2008, O3_2006, NO2_2005, NO2_2013, NO2_2007, O3_2011, O3_2013, NO2_2012, PM25_2012, O3_2007, O3_2008, PM25_2008, O3_2005, PM25_2011, O3_2012, PM25_2005, NO2_2011, PM25_2013"
050110,45.5945,-73.6415,"O3_1977, O3_1991, NO2_1992, NO2_1987, O3_2004, PM25_2002, O3_1995, O3_1989, O3_1993, NO2_1981, O3_1983, NO2_1988, O3_1984, NO2_1984, O3_1978, NO2_1978, O3_1994, O3_1999, O3_1985, NO2_1989, NO2_1991, NO2_2000, PM25_2004, O3_2001, NO2_1977, NO2_1985, O3_1990, NO2_1999, O3_1988, NO2_1990, NO2_1983, NO2_1998, O3_1986, NO2_1980, NO2_1975, NO2_1986, NO2_1996, NO2_1995, NO2_1994, O3_1987, O3_1982, O3_2000, NO2_2001, O3_1975, O3_1998, NO2_1979, NO2_2003, NO2_2004, NO2_1982, O3_1976, NO2_1976, O3_1997, PM25_2003, O3_2003, NO2_1993, NO2_1997, O3_1980, O3_1981, O3_1996, O3_1992, PM25_2001"
050110,45.59458,-73.64153,"PM25_2009, NO2_2009, O3_2002, NO2_2002"
050113,45.54746,-73.74832,"O3_2017, O3_2007, NO2_2014, NO2_2006, PM25_2016, O3_2008, PM25_2014, PM25_2008, O3_2020, O3_2005, O3_2012, PM25_2011, PM25_2005, NO2_2015, NO2_2019, NO2_2011, PM25_2017, NO2_2012, PM25_2012, PM25_2018, O3_2011, O3_2013, PM25_2010, NO2_2010, PM25_2015, PM25_2006, O3_2009, O3_2010, NO2_2016, PM25_2007, NO2_2008, O3_2006, O3_2019, PM25_2013, NO2_2017, O3_2018, NO2_2020, NO2_2005, NO2_2013, NO2_2007, NO2_2018"
050113,45.54746389,-73.74831667,"O3_2001, NO2_1977, NO2_1985, O3_1990, NO2_1994, O3_1987, O3_1982, NO2_1988, O3_1984, NO2_1984, O3_1995, O3_1989, O3_1993, NO2_1981, O3_1983, NO2_1990, NO2_1983, O3_1977, O3_1991, O3_1979, O3_1980, O3_1981, O3_1996, O3_1992, O3_1978, NO2_1978, O3_1994, O3_1999, O3_1985, NO2_1989, NO2_1991, NO2_2000, PM25_2004, O3_2000, NO2_2001, O3_1998, NO2_1979, O3_1976, NO2_1976, O3_1997, PM25_2003, O3_2003, NO2_1992, NO2_1987, O3_2004, NO2_1998, O3_1986, NO2_1980, NO2_1993, NO2_1997, NO2_1986, NO2_1996, NO2_2003, NO2_2004, NO2_1982, NO2_1999, O3_1988"
050113,45.54746,-73.74831,"O3_2023, O3_2015, PM25_2009, NO2_2023, PM25_2020, O3_2021, PM25_2023, O3_2016, NO2_2009, O3_2014, PM25_2019, O3_2022, NO2_2021, PM25_2021, NO2_2022, O3_2002, NO2_2002, PM25_2022"
050115,45.50153,-73.57431,"O3_2008, NO2_2005, NO2_2013, O3_2012, O3_2015, NO2_2015, O3_2007, NO2_2014, NO2_2011, O3_2005, O3_2016, NO2_2009, O3_2014, O3_2002, NO2_2002, NO2_2010, NO2_2007, O3_2011, O3_2013, NO2_2006, O3_2009, O3_2010, NO2_2016, NO2_2008, O3_2006, NO2_2012"
050115,45.501531,-73.574311,"NO2_1994, O3_1987, O3_1982, O3_2001, NO2_1977, NO2_1985, O3_1990, O3_1997, O3_2003, NO2_1986, NO2_1996, NO2_1995, NO2_1993, NO2_1997, NO2_1992, NO2_1987, O3_2004, O3_2000, NO2_2001, O3_1998, NO2_1979, NO2_2003, NO2_2004, NO2_1982, O3_1979, O3_1980, O3_1981, O3_1996, O3_1992, NO2_1988, O3_1984, NO2_1984, O3_1977, O3_1991, NO2_1999, O3_1988, NO2_1990, NO2_1983, O3_1995, O3_1989, O3_1993, NO2_1981, O3_1983, O3_1978, NO2_1978, O3_1994, O3_1999, O3_1985, NO2_1989, NO2_1991, NO2_2000, NO2_1998, O3_1986, NO2_1980"
050116,45.47167,-73.57222,"O3_2002, NO2_2002, NO2_2010, O3_2007, NO2_2014, O3_2012, O3_2015, NO2_2015, NO2_2009, O3_2014, O3_2008, NO2_2012, NO2_2011, NO2_2007, NO2_2006, NO2_2005, NO2_2013, O3_2009, O3_2010, NO2_2008, O3_2006, O3_2011, O3_2013, O3_2005"
050116,45.472854,-73.57296,"O3_1997, O3_2003, NO2_1988, O3_1984, NO2_1984, NO2_1994, O3_1987, O3_1982, NO2_1992, NO2_1987, O3_2004, NO2_1998, O3_1986, NO2_1980, NO2_1986, NO2_1996, NO2_1995, NO2_2004, NO2_1982, NO2_2003, O3_2000, NO2_2001, O3_1998, NO2_1979, O3_1978, NO2_1978, O3_1994, O3_1999, O3_1985, NO2_1989, NO2_1991, NO2_2000, O3_2001, NO2_1985, O3_1990, O3_1995, O3_1989, O3_1993, NO2_1981, O3_1983, NO2_1990, NO2_1983, NO2_1999, O3_1988, O3_1991, O3_1979, O3_1980, O3_1981, O3_1996, O3_1992, NO2_1993, NO2_1997"
050121,45.44298,-73.468631,"NO2_1996, O3_1995, O3_1993, O3_2004, O3_2000, NO2_2001, O3_1998, O3_1997, PM25_2003, O3_2003, NO2_1997, NO2_1998, O3_1994, O3_1999, NO2_2000, PM25_2004, O3_1996, O3_2001, NO2_1999, NO2_2004, NO2_2003"
050121,45.44298,-73.46863,"NO2_2006, O3_2007, NO2_2014, PM25_2010, O3_2002, NO2_2002, NO2_2010, PM25_2015, NO2_2005, NO2_2013, PM25_2013, PM25_2006, O3_2011, O3_2013, NO2_2007, PM25_2009, NO2_2011, PM25_2016, O3_2012, PM25_2011, O3_2015, PM25_2005, NO2_2015, O3_2016, NO2_2009, O3_2014, PM25_2008, O3_2005, O3_2008, PM25_2014, NO2_2012, PM25_2012, O3_2009, O3_2010, PM25_2007, NO2_2008, O3_2006"
050124,45.60285,-73.55887,"O3_2020, NO2_2020"
050124,45.60284,-73.55888,"O3_2023, PM25_2021, NO2_2022, O3_2022, NO2_2021, PM25_2023, PM25_2020, O3_2021, NO2_2023, PM25_2022"
050126,45.42654,-73.92893,"O3_2017, O3_2007, NO2_2014, NO2_2006, PM25_2020, O3_2021, PM25_2016, O3_2008, PM25_2014, O3_2023, PM25_2008, O3_2020, O3_2005, PM25_2023, PM25_2011, O3_2012, O3_2015, PM25_2005, NO2_2015, PM25_2009, NO2_2019, NO2_2023, NO2_2011, PM25_2017, NO2_2012, PM25_2012, PM25_2018, O3_2011, O3_2013, PM25_2010, O3_2002, NO2_2002, NO2_2010, PM25_2015, PM25_2021, PM25_2006, NO2_2022, O3_2009, O3_2010, NO2_2016, PM25_2007, NO2_2008, O3_2006, PM25_2019, O3_2019, O3_2022, PM25_2013, NO2_2021, NO2_2017, O3_2018, NO2_2020, NO2_2005, NO2_2013, NO2_2007, NO2_2018, PM25_2022, O3_2016, NO2_2009, O3_2014"
050126,45.426513,-73.92228923,"PM25_1998, NO2_2004, NO2_2003, O3_1999, NO2_2000, PM25_2004, O3_2000, NO2_2001, O3_1998, NO2_1998, PM25_1999, O3_2004, PM25_2000, PM25_2003, O3_2003, PM25_1997, PM25_2001, PM25_2002, NO2_1999, O3_2001"
050128,45.46832,-73.7412,"O3_2016, NO2_2009, O3_2014, O3_2009, O3_2010, NO2_2016, PM25_2007, NO2_2008, O3_2006, PM25_2008, O3_2020, O3_2005, PM25_2023, PM25_2017, NO2_2012, PM25_2012, PM25_2020, O3_2021, PM25_2016, PM25_2009, NO2_2019, NO2_2023, NO2_2011, PM25_2011, O3_2012, O3_2015, PM25_2005, NO2_2015, O3_2008, PM25_2014, O3_2023, PM25_2021, PM25_2006, NO2_2022, PM25_2019, O3_2019, O3_2022, PM25_2013, NO2_2021, PM25_2018, O3_2011, O3_2013, NO2_2006, PM25_2010, O3_2002, NO2_2002, NO2_2010, PM25_2015, NO2_2007, NO2_2018, PM25_2022, NO2_2017, O3_2018, NO2_2020, NO2_2005, NO2_2013, O3_2017, O3_2007, NO2_2014"
050128,45.468322,-73.741198,"O3_2004, PM25_2003, O3_2003, NO2_2004, NO2_2003, NO2_1998, PM25_2000, NO2_1999, PM25_2002, O3_2001, PM25_2001, O3_1999, NO2_2000, PM25_2004, O3_2000, NO2_2001, O3_1998"
050129,45.651691,-73.573825,"PM25_2003, O3_2003, O3_2004, PM25_1999, PM25_1998, O3_2000, PM25_2004, O3_2001, PM25_2002, PM25_2001, PM25_2000"
050129,45.65169,-73.57382,"O3_2009, O3_2010, NO2_2016, PM25_2007, O3_2006, O3_2016, O3_2014, PM25_2019, O3_2019, O3_2022, PM25_2013, NO2_2021, NO2_2018, PM25_2022, PM25_2010, O3_2002, NO2_2010, PM25_2015, PM25_2018, O3_2011, O3_2013, PM25_2021, PM25_2006, NO2_2022, NO2_2017, O3_2018, NO2_2020, NO2_2013, PM25_2011, O3_2012, O3_2015, PM25_2005, NO2_2015, PM25_2008, O3_2020, O3_2005, PM25_2023, PM25_2009, NO2_2019, NO2_2023, NO2_2011, O3_2017, O3_2007, NO2_2014, PM25_2020, O3_2021, PM25_2016, PM25_2017, NO2_2012, PM25_2012, O3_2008, PM25_2014, O3_2023"
050131,45.539928,-73.540388,"PM25_2002, PM25_2003, PM25_2004, PM25_2001"
050131,45.53993,-73.54039,"PM25_2018, PM25_2009, PM25_2022, PM25_2019, PM25_2013, PM25_2007, PM25_2010, PM25_2015, PM25_2017, PM25_2012, PM25_2011, PM25_2005, PM25_2014, PM25_2008, PM25_2023, PM25_2020, PM25_2006, PM25_2021"
050204,45.435987,-75.723429,"O3_1997, PM25_2003, O3_2003, O3_2001, NO2_1999, O3_1999, NO2_2000, PM25_2004, NO2_2004, NO2_2003, NO2_1998, O3_2004, O3_2000, NO2_2001, O3_1998"
050204,45.43599,-75.72343,"O3_2008, PM25_2014, O3_2023, NO2_2017, O3_2018, NO2_2020, NO2_2005, NO2_2013, O3_2012, PM25_2011, O3_2015, PM25_2005, NO2_2015, O3_2017, O3_2007, NO2_2014, PM25_2009, NO2_2019, NO2_2023, NO2_2011, PM25_2016, PM25_2020, O3_2021, O3_2020, O3_2005, PM25_2023, O3_2016, NO2_2009, O3_2014, PM25_2019, O3_2019, O3_2022, PM25_2013, NO2_2021, PM25_2006, PM25_2021, NO2_2022, PM25_2010, O3_2002, NO2_2002, NO2_2010, PM25_2015, NO2_2007, NO2_2018, PM25_2022, PM25_2018, O3_2011, O3_2013, NO2_2006, O3_2009, O3_2010, NO2_2016, PM25_2007, NO2_2008, O3_2006, PM25_2017, NO2_2012, PM25_2012"
050308,46.821177,-71.220495,"PM25_1998, NO2_2004, NO2_2003, O3_1999, NO2_2000, PM25_2004, O3_2000, NO2_2001, O3_1998, NO2_1998, PM25_1999, O3_2004, PM25_2000, PM25_2003, O3_2003, PM25_2001, PM25_2002, NO2_1999, O3_2001"
050308,46.82118,-71.22049,"O3_2012, PM25_2011, PM25_2005, NO2_2015, PM25_2006, O3_2008, PM25_2014, PM25_2016, PM25_2017, NO2_2012, PM25_2012, O3_2017, O3_2007, NO2_2014, PM25_2008, O3_2020, O3_2005, O3_2009, O3_2010, NO2_2016, PM25_2007, NO2_2008, O3_2006, NO2_2017, O3_2018, NO2_2020, NO2_2005, NO2_2013, NO2_2006, PM25_2018, O3_2011, O3_2013, NO2_2007, NO2_2018, PM25_2010, NO2_2010, PM25_2015, O3_2019, PM25_2013, NO2_2019, NO2_2011"
050308,46.82118,-71.2205,"O3_2023, O3_2015, PM25_2009, NO2_2023, PM25_2020, O3_2021, PM25_2023, O3_2016, NO2_2009, O3_2014, PM25_2019, O3_2022, NO2_2021, PM25_2021, NO2_2022, O3_2002, NO2_2002, PM25_2022"
050309,46.76887,-71.40236,"O3_2002, NO2_2002, O3_2005"
050309,46.76917,-71.4025,"O3_1996, O3_1992, O3_2000, NO2_2001, O3_1998, O3_1999, O3_1994, NO2_1991, NO2_2000, O3_1995, O3_1993, NO2_1999, O3_2001, NO2_1994, NO2_1998, NO2_1992, O3_2004, NO2_1996, NO2_1993, NO2_1997, O3_1997, O3_2003, O3_1991"
050310,46.79487,-71.24639,"PM25_2016, PM25_2010, NO2_2010, PM25_2015, O3_2017, O3_2007, O3_2012, PM25_2011, PM25_2005, O3_2008, PM25_2014, PM25_2017, PM25_2012, NO2_2019, NO2_2011, NO2_2018, O3_2018, NO2_2020, O3_2019, PM25_2013, O3_2009, O3_2010, PM25_2007, O3_2006, PM25_2006, PM25_2018, O3_2011, O3_2013, PM25_2008, O3_2020, O3_2005"
050310,46.794873,-71.246387,"O3_2001, PM25_2004, PM25_2003, O3_2003, O3_2000, O3_2004"
050310,46.79487,-71.24638,"PM25_2022, PM25_2021, NO2_2022, PM25_2019, O3_2022, NO2_2021, O3_2002, PM25_2020, O3_2021, PM25_2009, NO2_2023, PM25_2023, O3_2023, O3_2015, O3_2016, NO2_2009, O3_2014"
050504,48.41637,-71.05241,"PM25_2019, O3_2019, O3_2022, PM25_2013, PM25_2008, O3_2020, O3_2005, PM25_2023, O3_2009, O3_2010, PM25_2007, O3_2006, PM25_2018, O3_2011, O3_2013, PM25_2022, O3_2018, PM25_2006, PM25_2021, O3_2008, PM25_2014, O3_2023, O3_2016, O3_2014, PM25_2017, PM25_2012, PM25_2016, PM25_2020, O3_2021, O3_2017, O3_2007, PM25_2009, O3_2012, PM25_2011, O3_2015, PM25_2005, PM25_2010, O3_2002, PM25_2015"
050504,48.416374,-71.052412,"O3_2004, PM25_2002, PM25_2004, PM25_2003, O3_2003"
050604,48.23409,-78.98278,"O3_2017, O3_2007, PM25_2010, PM25_2015, O3_2018, PM25_2019, O3_2019, O3_2022, PM25_2013, PM25_2006, PM25_2021, PM25_2018, O3_2011, O3_2013, PM25_2022, PM25_2009, PM25_2016, PM25_2020, O3_2021, O3_2012, PM25_2005, PM25_2011, O3_2015, O3_2016, O3_2014, PM25_2008, O3_2020, O3_2005, PM25_2023, O3_2008, PM25_2014, O3_2023, PM25_2017, PM25_2012, O3_2009, O3_2010, PM25_2007, O3_2006"
050604,48.234087,-78.982778,"O3_2004, O3_2003"
051501,46.04223,-72.65976,"PM25_2008, O3_2020, O3_2005, PM25_2023, PM25_2019, O3_2019, O3_2022, PM25_2013, O3_2016, O3_2014, PM25_2009, O3_2017, O3_2007, PM25_2017, PM25_2012, O3_2008, PM25_2014, O3_2023, O3_2012, PM25_2005, PM25_2011, O3_2015, O3_2018, O3_2010, PM25_2007, O3_2009, O3_2006, PM25_2022, PM25_2010, O3_2002, PM25_2015, PM25_2018, O3_2011, O3_2013, PM25_2006, PM25_2021, PM25_2016, PM25_2020, O3_2021"
051501,46.04223333,-72.65976111,"O3_2000, O3_1998, O3_1996, O3_1992, O3_1987, O3_1997, O3_2003, O3_2001, O3_1990, O3_1999, O3_1994, O3_1995, O3_1993, O3_2004"
052001,46.441597,-72.89241,"O3_2000, O3_1998, O3_2004, O3_1995, O3_1989, O3_1993, O3_1999, O3_1994, O3_2001, O3_1990, O3_1996, O3_1992, O3_1997, O3_2003"
052001,46.4416,-72.89241,"PM25_2006, PM25_2021, O3_2012, PM25_2005, PM25_2011, O3_2015, O3_2018, PM25_2010, O3_2002, PM25_2015, PM25_2022, O3_2010, PM25_2007, O3_2009, O3_2006, PM25_2019, O3_2019, O3_2022, PM25_2013, O3_2016, O3_2014, O3_2008, PM25_2014, O3_2023, O3_2017, O3_2007, PM25_2009, PM25_2017, PM25_2012, PM25_2016, PM25_2020, O3_2021, PM25_2008, O3_2020, O3_2005, PM25_2023, PM25_2018, O3_2011, O3_2013"
052201,45.715614,-72.840249,"O3_2004, O3_1997, O3_2003, O3_1995, O3_1989, O3_1993, O3_2001, O3_1990, O3_1996, O3_1992, O3_1999, O3_1994, O3_2000, O3_1998"
052201,45.71561,-72.84025,"PM25_2017, PM25_2012, PM25_2022, PM25_2009, O3_2016, O3_2014, O3_2012, PM25_2005, PM25_2011, O3_2015, PM25_2008, O3_2020, O3_2005, PM25_2023, PM25_2016, PM25_2020, O3_2021, O3_2017, O3_2007, PM25_2010, O3_2002, PM25_2015, PM25_2018, O3_2011, O3_2013, PM25_2019, O3_2019, O3_2022, PM25_2013, O3_2018, PM25_2006, PM25_2021, O3_2010, PM25_2007, O3_2009, O3_2006, O3_2008, PM25_2014, O3_2023"
052401,45.62238,-76.01805,"O3_2018, O3_2008, PM25_2014, PM25_2006, PM25_2018, O3_2011, O3_2013, PM25_2010, PM25_2015, O3_2019, PM25_2013, O3_2010, PM25_2007, O3_2009, O3_2006, PM25_2008, O3_2020, O3_2005, O3_2012, PM25_2005, PM25_2011, PM25_2016, PM25_2017, PM25_2012, O3_2017, O3_2007"
052401,45.62238,-76.01804,"PM25_2022, PM25_2021, PM25_2019, O3_2022, O3_2002, PM25_2020, O3_2021, PM25_2009, PM25_2023, O3_2023, O3_2015, O3_2016, O3_2014"
052401,45.622378,-76.018046,"O3_1999, O3_1994, O3_1996, O3_1992, O3_2001, O3_1990, O3_1997, O3_2003, O3_2000, O3_1998, O3_2004, O3_1995, O3_1989, O3_1993"
052601,45.722896,-73.376808,"NO2_1998, O3_2000, NO2_2001, O3_1998, NO2_2004, NO2_2003, NO2_1996, O3_2004, O3_1995, NO2_1999, O3_1999, O3_1994, NO2_2000, O3_2001, O3_1996, O3_1997, O3_2003"
052601,45.7229,-73.37681,"O3_2016, NO2_2009, O3_2014, O3_2010, NO2_2016, NO2_2008, O3_2009, O3_2006, O3_2005, NO2_2012, PM25_2012, PM25_2016, NO2_2011, O3_2012, PM25_2011, O3_2015, NO2_2015, O3_2008, PM25_2014, PM25_2013, O3_2011, O3_2013, NO2_2006, O3_2002, NO2_2002, NO2_2010, PM25_2015, NO2_2007, NO2_2005, NO2_2013, O3_2007, NO2_2014"
053301,46.682373,-71.965903,"O3_2001, O3_1997, O3_2003, O3_2004, O3_1998, O3_2000, O3_1996, O3_1992, O3_1991, O3_1993, O3_1995, O3_1999, O3_1994"
053301,46.68237,-71.9659,"O3_2018, O3_2008, PM25_2014, O3_2023, PM25_2006, PM25_2021, PM25_2018, O3_2011, O3_2013, PM25_2010, O3_2002, PM25_2015, PM25_2019, O3_2019, O3_2022, PM25_2013, O3_2010, PM25_2007, O3_2009, O3_2006, PM25_2008, O3_2020, O3_2005, PM25_2023, O3_2012, PM25_2005, PM25_2011, O3_2015, PM25_2016, PM25_2020, O3_2021, PM25_2017, PM25_2012, PM25_2009, O3_2017, O3_2007, O3_2016, O3_2014, PM25_2022"
053501,47.015308,-70.862523,"O3_1999, O3_1994, O3_1998, O3_2000, O3_2004, O3_1997, O3_2003, O3_1992, O3_1996, O3_1989, O3_1993, O3_1995, O3_1991, O3_2001, O3_1990"
053501,47.01531,-70.86252,"O3_2017, O3_2007, O3_2008, O3_2020, O3_2005, O3_2012, O3_2011, O3_2013, O3_2010, O3_2009, O3_2006, O3_2019, O3_2018"
053501,47.01531,-70.86253,"O3_2002, O3_2015, O3_2016, O3_2014"
053701,45.82486111,-70.856025,"O3_1993, O3_1995, O3_1991, O3_2001, O3_1990, O3_1992, O3_1996, O3_2004, O3_1997, O3_2003, O3_1998, O3_2000, O3_1999, O3_1994"
053701,45.82486,-70.85603,"PM25_2010, O3_2002, PM25_2015, PM25_2016, PM25_2020, O3_2021, PM25_2006, PM25_2021, O3_2010, PM25_2007, O3_2009, O3_2006, O3_2018, PM25_2022, PM25_2018, O3_2011, O3_2013, PM25_2017, PM25_2012, O3_2017, O3_2007, O3_2008, PM25_2014, O3_2023, PM25_2008, O3_2020, O3_2005, PM25_2023, O3_2016, O3_2014, O3_2012, PM25_2005, PM25_2011, O3_2015, PM25_2009, PM25_2019, O3_2019, O3_2022, PM25_2013"
053801,45.90579,-71.9487,"PM25_2017, PM25_2012, O3_2012, PM25_2005, PM25_2011, PM25_2008, O3_2020, O3_2005, PM25_2016, O3_2017, O3_2007, PM25_2010, PM25_2015, PM25_2018, O3_2011, O3_2013, O3_2019, PM25_2013, O3_2018, PM25_2006, O3_2010, PM25_2007, O3_2009, O3_2006, PM25_2014"
053801,45.905785,-71.948695,"O3_1991, O3_2004, O3_1989, O3_1993, O3_1995, O3_1999, O3_1994, O3_2001, O3_1990, O3_1998, O3_2000, O3_1997, O3_2003, O3_1992, O3_1996"
053801,45.90578,-71.94869,"PM25_2021, O3_2015, O3_2002, PM25_2022, PM25_2019, O3_2022, O3_2016, O3_2014, O3_2023, PM25_2009, PM25_2020, O3_2021, PM25_2023"
054201,49.82228,-74.9764,"O3_2021, O3_2017, O3_2007, O3_2012, O3_2015, O3_2016, O3_2014, O3_2008, O3_2023, O3_2018, O3_2019, O3_2022, O3_2010, O3_2009, O3_2006, O3_2011, O3_2013, O3_2020, O3_2005"
054201,49.822282,-74.97529,"O3_1988, O3_1990, O3_1989"
054401,45.120624,-74.2896,"O3_1998, O3_2000, PM25_1997, O3_1996, PM25_2001, PM25_1998, PM25_2000, PM25_1999, O3_1997, PM25_2003, O3_2003, O3_2001, O3_1999, O3_1994, PM25_2004, PM25_2002, O3_1995, O3_2004"
054401,45.12062,-74.2896,"PM25_2010, O3_2002, NO2_2010, PM25_2015, PM25_2016, PM25_2020, O3_2021, PM25_2006, PM25_2021, NO2_2022, O3_2010, NO2_2016, PM25_2007, NO2_2008, O3_2006, NO2_2017, O3_2018, NO2_2020, NO2_2013, NO2_2007, NO2_2018, PM25_2022, PM25_2018, O3_2011, O3_2013, PM25_2017, PM25_2012, O3_2017, O3_2007, NO2_2014, O3_2008, PM25_2014, O3_2023, PM25_2008, O3_2020, O3_2005, PM25_2023, O3_2016, NO2_2009, O3_2014, O3_2012, PM25_2011, O3_2015, PM25_2005, NO2_2015, PM25_2009, NO2_2019, NO2_2023, PM25_2019, O3_2019, O3_2022, PM25_2013, NO2_2021"
054801,45.365683,-72.265099,"O3_1998, O3_2000, O3_2004, O3_1989, O3_1993, O3_1995, O3_1999, O3_1994, O3_2001, O3_1990, O3_1992, O3_1996, O3_1991, O3_1997, O3_2003"
054801,45.36568,-72.2651,"O3_2008, PM25_2014, PM25_2006, O3_2011, O3_2013, PM25_2010, O3_2002, PM25_2015, PM25_2013, O3_2010, PM25_2007, O3_2009, O3_2006, PM25_2008, O3_2005, O3_2012, PM25_2005, PM25_2011, O3_2015, PM25_2016, PM25_2012, PM25_2009, O3_2007, O3_2016, O3_2014"
054901,45.37333,-71.25017,"O3_2010, PM25_2007, O3_2009, O3_2006, O3_2016, O3_2014, PM25_2019, O3_2019, O3_2022, PM25_2013, PM25_2022, PM25_2010, O3_2002, PM25_2015, PM25_2018, O3_2011, O3_2013, PM25_2006, PM25_2021, O3_2018, O3_2012, PM25_2005, PM25_2011, O3_2015, PM25_2008, O3_2020, O3_2005, PM25_2023, PM25_2009, O3_2017, O3_2007, PM25_2016, PM25_2020, O3_2021, PM25_2017, PM25_2012, O3_2008, PM25_2014, O3_2023"
054901,45.37333,-71.250167,"O3_1997, O3_2003, O3_2004, O3_1998, O3_2000, O3_1999, O3_1994, O3_2001, O3_1993, O3_1995, O3_1991, O3_1992, O3_1996"
055001,46.76866,-75.432728,"O3_1992, O3_1996, O3_2001, O3_1999, O3_1994, O3_1993, O3_1995, O3_1991, O3_1997, O3_2003, O3_1998, O3_2000, O3_2004"
055001,46.76866,-75.43273,"O3_2016, O3_2014, O3_2010, PM25_2007, O3_2009, O3_2006, PM25_2008, O3_2020, O3_2005, PM25_2023, PM25_2017, PM25_2012, PM25_2016, PM25_2020, O3_2021, PM25_2009, O3_2012, PM25_2005, PM25_2011, O3_2015, O3_2008, PM25_2014, O3_2023, PM25_2006, PM25_2021, PM25_2019, O3_2019, O3_2022, PM25_2013, PM25_2018, O3_2011, O3_2013, PM25_2010, O3_2002, PM25_2015, PM25_2022, O3_2018, O3_2017, O3_2007"
055101,48.43165,-77.19667,"PM25_2016, PM25_2020, O3_2021, PM25_2010, PM25_2015, O3_2017, O3_2007, O3_2012, PM25_2005, PM25_2011, O3_2015, O3_2016, O3_2014, O3_2008, PM25_2014, O3_2023, PM25_2017, PM25_2012, PM25_2009, PM25_2022, O3_2018, PM25_2019, O3_2019, O3_2022, PM25_2013, O3_2010, PM25_2007, O3_2009, O3_2006, PM25_2006, PM25_2021, PM25_2018, O3_2011, O3_2013, PM25_2008, O3_2020, O3_2005, PM25_2023"
055101,48.431648,-77.19974,"O3_1993, O3_1995, O3_1994, O3_1992, O3_1996, O3_1997"
055201,46.3037,-72.06068,"O3_2016, O3_2014, O3_2015, PM25_2009"
055201,46.3037,-72.06069,"O3_2010, PM25_2007, O3_2006, PM25_2013, PM25_2015, O3_2011, O3_2013, PM25_2006, O3_2012, PM25_2005, PM25_2011, PM25_2008, O3_2005, O3_2007, PM25_2016, PM25_2012, O3_2008, PM25_2014"
055201,46.3037,-72.060685,"O3_1999, O3_2001, O3_2003, O3_2000, O3_2004"
055501,45.04138,-72.85651,"O3_2010, O3_2009, O3_2006, O3_2011, O3_2013, O3_2012, O3_2005, O3_2007, O3_2008"
055501,45.04139,-72.85651,"O3_2015, O3_2016, O3_2014"
055702,46.80603,-71.16751,"PM25_2017, NO2_2018, NO2_2019, NO2_2015, O3_2020, PM25_2016, O3_2017, PM25_2015, PM25_2018, O3_2019, NO2_2017, O3_2018, NO2_2020, NO2_2016"
055702,46.80603,-71.1675,"NO2_2023, PM25_2023, O3_2023, O3_2016, PM25_2020, O3_2021, PM25_2022, PM25_2021, NO2_2022, PM25_2019, O3_2022, NO2_2021, O3_2015"
060204,42.31578,-83.04367,"PM25_2019, O3_2019, O3_2022, PM25_2013, NO2_2021, PM25_2008, O3_2020, O3_2005, PM25_2023, O3_2010, NO2_2016, PM25_2007, NO2_2008, O3_2009, O3_2006, PM25_2018, O3_2011, O3_2013, NO2_2006, NO2_2007, NO2_2018, PM25_2022, NO2_2017, O3_2018, NO2_2020, NO2_2005, NO2_2013, PM25_2021, PM25_2006, NO2_2022, O3_2008, PM25_2014, O3_2023, O3_2016, NO2_2009, O3_2014, PM25_2017, NO2_2012, PM25_2012, PM25_2020, O3_2021, PM25_2016, O3_2017, O3_2007, NO2_2014, PM25_2009, NO2_2019, NO2_2023, NO2_2011, PM25_2011, O3_2012, O3_2015, PM25_2005, NO2_2015, PM25_2010, O3_2002, NO2_2002, NO2_2010, PM25_2015"
060204,42.315778,-83.043667,"PM25_2002, O3_1974, O3_1989, O3_1993, NO2_1981, O3_1995, O3_1983, NO2_1975, NO2_1986, NO2_1996, NO2_1995, O3_1977, O3_1991, O3_2001, NO2_1977, NO2_1985, O3_1990, O3_1992, O3_1979, O3_1980, O3_1981, O3_1996, PM25_2001, NO2_1988, O3_1984, NO2_1984, NO2_1990, NO2_1983, NO2_1999, O3_1988, NO2_1993, NO2_1997, NO2_1992, NO2_1987, O3_2004, O3_1976, NO2_1976, O3_1997, PM25_2003, O3_2003, NO2_2004, NO2_1982, NO2_2003, NO2_2001, O3_1975, O3_1998, NO2_1979, O3_2000, NO2_1974, NO2_1994, O3_1987, O3_1982, NO2_1998, O3_1986, NO2_1980, O3_1999, O3_1978, NO2_1978, O3_1994, O3_1985, NO2_1989, NO2_1991, NO2_2000, PM25_2004"
060211,42.292889,-83.073139,"O3_1999, O3_1994, NO2_2000, PM25_2004, O3_1996, PM25_2002, O3_1993, O3_1995, O3_2004, NO2_2001, O3_1998, O3_2000, O3_1997, PM25_2003, O3_2003, NO2_2004, NO2_2003, O3_2001"
060211,42.29289,-83.07314,"PM25_2017, NO2_2012, PM25_2012, NO2_2007, NO2_2018, PM25_2022, PM25_2009, NO2_2019, NO2_2023, NO2_2011, O3_2016, NO2_2009, O3_2014, PM25_2011, O3_2012, O3_2015, PM25_2005, NO2_2015, PM25_2008, O3_2020, O3_2005, PM25_2023, PM25_2020, O3_2021, PM25_2016, O3_2017, O3_2007, NO2_2014, PM25_2010, O3_2002, NO2_2002, NO2_2010, PM25_2015, PM25_2018, O3_2011, O3_2013, PM25_2019, O3_2019, O3_2022, PM25_2013, NO2_2021, NO2_2017, O3_2018, NO2_2020, NO2_2005, NO2_2013, PM25_2021, PM25_2006, NO2_2022, O3_2010, NO2_2016, PM25_2007, NO2_2008, O3_2009, O3_2006, NO2_2006, O3_2008, PM25_2014, O3_2023"
060421,43.78159,-79.41773,"O3_2002, NO2_2002, O3_2015, PM25_2009, O3_2016, NO2_2009, O3_2014"
060421,43.781584,-79.41773,"O3_1999, O3_1994, NO2_1989, NO2_1991, NO2_2000, PM25_2004, PM25_1998, NO2_2004, NO2_2003, O3_1992, O3_1996, PM25_2001, NO2_1999, O3_1988, O3_1991, NO2_1990, NO2_1988, O3_2001, O3_1990, O3_1997, PM25_2003, O3_2003, NO2_2001, O3_1998, O3_2000, PM25_2000, NO2_1993, NO2_1997, NO2_1996, NO2_1995, NO2_1992, O3_2004, NO2_1998, PM25_1999, NO2_1994, PM25_2002, O3_1989, O3_1993, O3_1995"
060421,43.78158,-79.41773,"O3_2008, PM25_2014, NO2_2005, NO2_2013, PM25_2011, O3_2012, PM25_2005, NO2_2015, O3_2007, NO2_2014, NO2_2011, PM25_2016, PM25_2008, O3_2005, PM25_2013, PM25_2006, PM25_2010, NO2_2010, PM25_2015, NO2_2007, O3_2011, O3_2013, NO2_2006, O3_2010, NO2_2016, PM25_2007, NO2_2008, O3_2009, O3_2006, NO2_2012, PM25_2012"
060424,43.66297,-79.38811,"O3_2002, NO2_2002"
060424,43.662972,-79.388111,"NO2_1990, PM25_2000, NO2_1993, NO2_1997, NO2_1999, O3_1992, PM25_2001, O3_2001, O3_1990, O3_1999, O3_1994, NO2_1991, NO2_2000, PM25_2002, O3_1993, O3_1995, O3_1991, NO2_1995, NO2_1998, PM25_1999, PM25_1998, O3_1997, NO2_1994, NO2_2001, O3_1998, O3_2000, NO2_1992"
060429,43.61359,-79.50754,"PM25_2006, O3_2012, PM25_2005, NO2_2005, O3_2002, NO2_2002, NO2_2007, NO2_2006, PM25_2007, NO2_2008, O3_2009, O3_2006, NO2_2009, O3_2008, O3_2007, PM25_2009, NO2_2012, PM25_2012, PM25_2008, O3_2005"
060429,43.613587,-79.507537,"PM25_2004, NO2_2004, NO2_2003, PM25_2001, O3_2001, PM25_2003, O3_2003, NO2_2001, O3_2004"
060430,43.709444,-79.5435,"NO2_2004, NO2_2003, NO2_2000, PM25_2004, O3_2000, O3_2004, PM25_2000, PM25_2003, O3_2003"
060430,43.70944,-79.5435,"PM25_2018, O3_2011, O3_2013, PM25_2009, NO2_2019, NO2_2023, NO2_2011, NO2_2007, NO2_2018, PM25_2022, PM25_2019, O3_2019, O3_2022, PM25_2013, NO2_2021, NO2_2017, O3_2018, NO2_2020, NO2_2005, NO2_2013, O3_2010, NO2_2016, PM25_2007, NO2_2008, O3_2009, O3_2006, NO2_2006, PM25_2010, NO2_2010, PM25_2015, O3_2017, O3_2007, NO2_2014, PM25_2017, NO2_2012, PM25_2012, O3_2016, NO2_2009, O3_2014, PM25_2011, O3_2012, O3_2015, PM25_2005, NO2_2015, O3_2008, PM25_2014, O3_2023, PM25_2008, O3_2020, O3_2005, PM25_2023, PM25_2020, O3_2021, PM25_2016, PM25_2021, PM25_2006, NO2_2022"
060438,43.71111,-79.54342,"PM25_2017, NO2_2018, NO2_2019, O3_2020, PM25_2016, O3_2017, PM25_2018, O3_2019, NO2_2017, O3_2018, NO2_2020, NO2_2016"
060438,43.71111,-79.54343,"PM25_2020, O3_2021, PM25_2021, NO2_2022, PM25_2022, O3_2023, PM25_2023, O3_2016, NO2_2023, PM25_2019, O3_2022, NO2_2021"
060515,43.257444,-79.90775,"NO2_1999, O3_1988, NO2_1998, O3_1986, NO2_1990, O3_1999, O3_1994, O3_1985, NO2_1989, NO2_1991, NO2_2000, NO2_1988, O3_1992, O3_1996, O3_1991, O3_1989, O3_1993, O3_1995, NO2_1992, NO2_1987, NO2_1993, NO2_1997, O3_1998, O3_2000, NO2_1994, O3_1987, O3_1997, NO2_1986, NO2_1996, NO2_1995, NO2_1985, O3_1990"
060515,43.25744,-79.90775,"O3_2016, O3_2014, O3_2010, NO2_2016, O3_2020, PM25_2023, PM25_2017, NO2_2012, PM25_2012, PM25_2020, O3_2021, PM25_2016, NO2_2019, NO2_2023, NO2_2011, PM25_2011, O3_2012, O3_2015, NO2_2015, PM25_2014, O3_2023, PM25_2021, NO2_2022, PM25_2019, O3_2019, O3_2022, PM25_2013, NO2_2021, PM25_2018, O3_2011, O3_2013, PM25_2010, NO2_2010, PM25_2015, NO2_2018, PM25_2022, NO2_2017, O3_2018, NO2_2020, NO2_2013, O3_2017, NO2_2014"
060607,46.47569,-80.96294,"O3_2002, NO2_2002"
060607,46.475694,-80.962944,"NO2_2004, NO2_2003, O3_1999, O3_1994, NO2_1989, NO2_1991, NO2_2000, NO2_2001, O3_1998, O3_2000, NO2_1998, NO2_1992, NO2_1987, O3_2004, NO2_1993, NO2_1997, O3_1997, O3_2003, NO2_1994, NO2_1984, NO2_1988, O3_1992, O3_1996, NO2_1990, O3_1989, O3_1993, O3_1995, O3_1991, NO2_1999, O3_1988, O3_2001, NO2_1985, O3_1990, NO2_1986, NO2_1996, NO2_1995"
060809,48.37939,-89.29017,"PM25_2019, O3_2019, O3_2022, PM25_2013, NO2_2021, PM25_2008, O3_2020, O3_2005, PM25_2023, O3_2010, NO2_2016, PM25_2007, NO2_2008, O3_2009, O3_2006, PM25_2018, O3_2011, O3_2013, NO2_2006, NO2_2007, NO2_2018, PM25_2022, NO2_2017, O3_2018, NO2_2020, NO2_2013, PM25_2021, PM25_2006, NO2_2022, O3_2008, PM25_2014, O3_2023, O3_2016, NO2_2009, O3_2014, PM25_2017, NO2_2012, PM25_2012, PM25_2020, O3_2021, PM25_2016, O3_2017, O3_2007, NO2_2014, PM25_2009, NO2_2019, NO2_2023, NO2_2011, PM25_2011, O3_2012, O3_2015, PM25_2005, NO2_2015, PM25_2010, NO2_2010, PM25_2015"
060809,48.379389,-89.290167,"O3_2004, PM25_2004"
060903,43.006722,-81.20642,"O3_1995, NO2_1996, NO2_1995, O3_2001, O3_1996, PM25_2001, NO2_1999, NO2_1997, O3_2004, O3_1997, PM25_2003, O3_2003, NO2_2004, NO2_2003, NO2_2001, O3_1998, O3_2000, NO2_1998, O3_1999, NO2_2000, PM25_2004"
060903,43.00672,-81.20642,"PM25_2010, O3_2002, NO2_2002, NO2_2010, NO2_2006, PM25_2006, O3_2010, PM25_2007, NO2_2008, O3_2009, O3_2006, NO2_2005, NO2_2007, O3_2011, NO2_2012, PM25_2012, O3_2007, O3_2008, PM25_2008, O3_2005, NO2_2009, PM25_2011, O3_2012, PM25_2005, PM25_2009, NO2_2011"
061007,42.91255,-82.41682,"NO2_2017, NO2_2020, NO2_2018, PM25_2018, PM25_2017, NO2_2019"
061007,42.91254,-82.41682,"NO2_2023, PM25_2020, PM25_2023, PM25_2019, NO2_2021, PM25_2021, NO2_2022, PM25_2022"
061104,44.30183333,-78.34638611,"O3_2004, PM25_2003, O3_2003, NO2_2003, NO2_1999, PM25_2002, O3_2001, PM25_2001, O3_1999, NO2_2000, PM25_2004, NO2_2001, O3_1998, O3_2000"
061104,44.30183,-78.34639,"PM25_2021, PM25_2006, NO2_2022, PM25_2011, O3_2012, O3_2015, PM25_2005, NO2_2015, NO2_2017, O3_2018, NO2_2020, NO2_2013, PM25_2010, O3_2002, NO2_2002, NO2_2010, PM25_2015, NO2_2007, NO2_2018, PM25_2022, NO2_2006, O3_2010, NO2_2016, PM25_2007, NO2_2008, O3_2009, O3_2006, PM25_2019, O3_2019, O3_2022, PM25_2013, NO2_2021, O3_2016, NO2_2009, O3_2014, O3_2008, PM25_2014, O3_2023, O3_2017, O3_2007, NO2_2014, PM25_2009, NO2_2019, NO2_2023, NO2_2011, PM25_2017, PM25_2012, NO2_2012, PM25_2020, O3_2021, PM25_2016, PM25_2008, O3_2020, O3_2005, PM25_2023, PM25_2018, O3_2011, O3_2013"
061201,45.01798,-74.73531,"PM25_2011, O3_2012, O3_2015, PM25_2005, NO2_2015, PM25_2021, PM25_2006, NO2_2022, O3_2008, PM25_2014, O3_2023, PM25_2020, O3_2021, PM25_2016, PM25_2017, PM25_2012, NO2_2012, O3_2017, O3_2007, NO2_2014, O3_2016, NO2_2009, O3_2014, PM25_2008, O3_2020, O3_2005, PM25_2023, O3_2010, NO2_2016, PM25_2007, NO2_2008, O3_2009, O3_2006, NO2_2017, O3_2018, NO2_2020, NO2_2013, NO2_2006, PM25_2018, O3_2011, O3_2013, NO2_2007, NO2_2018, PM25_2022, PM25_2010, O3_2002, NO2_2010, PM25_2015, PM25_2019, O3_2019, O3_2022, PM25_2013, NO2_2021, PM25_2009, NO2_2019, NO2_2023, NO2_2011"
061201,45.0179806,-74.7353139,"O3_1977, O3_1991, NO2_1992, NO2_1987, O3_2004, O3_1989, O3_1993, NO2_1981, O3_1995, O3_1983, NO2_1984, NO2_1988, O3_1984, O3_1999, O3_1978, NO2_1978, O3_1994, O3_1985, NO2_1989, NO2_1991, NO2_2000, PM25_2004, O3_2001, NO2_1977, NO2_1985, O3_1990, NO2_1999, O3_1988, NO2_1990, NO2_1983, O3_1986, NO2_1980, NO2_1975, NO2_1986, NO2_1996, NO2_1995, NO2_1994, O3_1987, O3_1982, O3_1975, O3_1998, NO2_1979, O3_2000, NO2_1982, O3_1976, NO2_1976, O3_1997, PM25_2003, O3_2003, NO2_1993, NO2_1997, O3_1992, O3_1979, O3_1980, O3_1981, O3_1996"
061602,43.40062,-79.72749,"O3_2002, NO2_2002"
061602,43.400621,-79.727495,"NO2_1999, O3_1988, NO2_1998, O3_1986, NO2_1980, NO2_1990, NO2_1983, O3_1999, O3_1994, O3_1985, NO2_1989, NO2_1991, NO2_2000, NO2_1984, NO2_1988, O3_1984, O3_1992, O3_1980, O3_1981, O3_1996, O3_1991, O3_1989, O3_1993, NO2_1981, O3_1995, O3_1983, NO2_1992, NO2_1987, NO2_1993, NO2_1997, NO2_2001, O3_1998, O3_2000, NO2_1994, O3_1987, O3_1982, O3_1997, NO2_1982, NO2_1986, NO2_1996, NO2_1995, O3_2001, NO2_1985, O3_1990"
061802,43.55164,-80.26415,"PM25_2020, O3_2021, O3_2002, O3_2015, O3_2016, NO2_2009, O3_2014, O3_2023, PM25_2009, NO2_2023, PM25_2022, PM25_2019, O3_2022, NO2_2021, PM25_2021, NO2_2022, PM25_2023"
061802,43.55164,-80.26416,"PM25_2008, O3_2020, O3_2005, O3_2019, PM25_2013, NO2_2019, NO2_2011, O3_2017, O3_2007, NO2_2014, PM25_2017, PM25_2012, NO2_2012, O3_2008, PM25_2014, PM25_2011, O3_2012, PM25_2005, NO2_2015, NO2_2017, O3_2018, NO2_2020, NO2_2013, O3_2010, NO2_2016, PM25_2007, O3_2009, O3_2006, NO2_2018, PM25_2010, NO2_2010, PM25_2015, PM25_2018, O3_2011, O3_2013, PM25_2006, PM25_2016"
061802,43.55163611,-80.26415556,"O3_1994, PM25_2004, NO2_2003, O3_1992, O3_1996, PM25_2001, O3_1988, O3_1991, O3_2001, O3_1990, PM25_2003, O3_2003, NO2_2001, O3_2000, PM25_2000, O3_2004, O3_1986, O3_1987, PM25_2002, O3_1989, O3_1993, O3_1995"
063001,43.314575,-79.80275556,"O3_1999, O3_1994, O3_1985, NO2_1989, NO2_1991, NO2_2000, PM25_2004, NO2_2004, NO2_1982, NO2_2003, O3_1992, O3_1980, O3_1981, O3_1996, PM25_2001, NO2_1999, O3_1988, O3_1991, NO2_1990, NO2_1983, NO2_1984, NO2_1988, O3_1984, O3_2001, NO2_1985, O3_1990, O3_1997, PM25_2003, O3_2003, NO2_2001, O3_1998, O3_2000, NO2_1993, NO2_1997, NO2_1986, NO2_1996, NO2_1995, NO2_1992, NO2_1987, O3_2004, NO2_1998, O3_1986, NO2_1980, NO2_1994, O3_1987, O3_1982, PM25_2002, O3_1989, O3_1993, NO2_1981, O3_1995, O3_1983"
063001,43.31457,-79.80276,"O3_2017, O3_2007, NO2_2014, NO2_2006, PM25_2016, O3_2008, PM25_2014, PM25_2008, O3_2020, O3_2005, PM25_2011, O3_2012, PM25_2005, NO2_2015, NO2_2019, NO2_2011, PM25_2017, PM25_2012, NO2_2012, PM25_2018, O3_2011, O3_2013, PM25_2010, NO2_2010, PM25_2015, PM25_2006, O3_2010, NO2_2016, PM25_2007, NO2_2008, O3_2009, O3_2006, O3_2019, PM25_2013, NO2_2017, O3_2018, NO2_2020, NO2_2005, NO2_2013, NO2_2007, NO2_2018"
063001,43.31458,-79.80276,"PM25_2021, NO2_2022, O3_2015, O3_2002, NO2_2002, PM25_2022, PM25_2019, O3_2022, NO2_2021, O3_2016, NO2_2009, O3_2014, O3_2023, PM25_2009, NO2_2023, PM25_2020, O3_2021, PM25_2023"
063301,45.22428,-78.93294,"O3_2017, O3_2007, PM25_2016, O3_2008, PM25_2014, PM25_2008, O3_2020, O3_2005, PM25_2011, O3_2012, PM25_2005, PM25_2017, PM25_2012, PM25_2018, O3_2011, O3_2013, PM25_2010, PM25_2015, PM25_2006, O3_2010, PM25_2007, O3_2009, O3_2006, O3_2019, PM25_2013, O3_2018"
063301,45.224278,-78.932944,"NO2_1984, NO2_1988, O3_1984, O3_1997, PM25_2003, O3_2003, O3_2001, NO2_1985, O3_1990, O3_1991, NO2_1999, O3_1988, O3_1989, O3_1995, O3_1983, O3_1999, O3_1985, NO2_1989, NO2_2000, PM25_2004, O3_1981, O3_1996, PM25_2001, NO2_1982, O3_1987, O3_1982, NO2_1986, NO2_1996, NO2_1995, PM25_2000, NO2_1997, NO2_1998, PM25_1999, O3_1986, NO2_1987, O3_2004, NO2_2001, O3_1998, O3_2000, NO2_1990"
063301,45.22428,-78.93295,"PM25_2022, PM25_2009, O3_2016, O3_2014, O3_2015, PM25_2023, PM25_2020, O3_2021, O3_2002, PM25_2019, O3_2022, PM25_2021, O3_2023"
063701,43.33318611,-81.74282222,"O3_1997, PM25_2003, O3_2003, O3_2004, O3_1998, O3_2000, O3_1999, O3_1994, PM25_2004, O3_2001, O3_1993, O3_1995, O3_1996"
063701,43.33319,-81.74282,"PM25_2017, PM25_2012, NO2_2012, NO2_2018, PM25_2022, PM25_2009, NO2_2019, NO2_2023, NO2_2011, O3_2016, O3_2014, PM25_2011, O3_2012, O3_2015, PM25_2005, NO2_2015, PM25_2008, O3_2020, O3_2005, PM25_2023, PM25_2020, O3_2021, PM25_2016, O3_2017, O3_2007, NO2_2014, PM25_2010, O3_2002, NO2_2010, PM25_2015, PM25_2018, O3_2011, O3_2013, PM25_2019, O3_2019, O3_2022, PM25_2013, NO2_2021, NO2_2017, O3_2018, NO2_2020, NO2_2013, PM25_2021, PM25_2006, NO2_2022, O3_2010, NO2_2016, PM25_2007, O3_2009, O3_2006, O3_2008, PM25_2014, O3_2023"
064401,44.23106,-79.7831,"O3_2021, O3_2002, O3_2017, O3_2007, O3_2012, O3_2015, O3_2016, O3_2014, O3_2008, O3_2023, O3_2018, O3_2019, O3_2022, O3_2010, O3_2009, O3_2006, O3_2011, O3_2013, O3_2020, O3_2005"
064401,44.231111,-79.783056,"O3_1999, O3_1994, O3_1998, O3_2000, O3_2004, O3_1997, O3_2003, O3_1992, O3_1996, O3_1989, O3_1993, O3_1995, O3_1991, O3_1988, O3_2001, O3_1990"
065001,44.38231389,-79.70243056,"NO2_2001, NO2_2004, NO2_2003, O3_2004, PM25_2002, PM25_2004, O3_2001, PM25_2001, PM25_2003, O3_2003"
065001,44.38231,-79.70243,"O3_2008, PM25_2014, O3_2023, NO2_2017, O3_2018, NO2_2020, NO2_2005, NO2_2013, PM25_2011, O3_2012, O3_2015, PM25_2005, NO2_2015, O3_2017, O3_2007, NO2_2014, PM25_2009, NO2_2019, NO2_2023, NO2_2011, PM25_2020, O3_2021, PM25_2016, PM25_2008, O3_2020, O3_2005, PM25_2023, O3_2016, NO2_2009, O3_2014, PM25_2019, O3_2019, O3_2022, PM25_2013, NO2_2021, PM25_2021, PM25_2006, NO2_2022, PM25_2010, O3_2002, NO2_2002, NO2_2010, PM25_2015, NO2_2007, NO2_2018, PM25_2022, PM25_2018, O3_2011, O3_2013, NO2_2006, O3_2010, NO2_2016, PM25_2007, NO2_2008, O3_2009, O3_2006, PM25_2017, PM25_2012, NO2_2012"
080901,50.20083,-104.71028,"O3_1999, O3_2001, O3_2003, O3_1998, O3_2000, O3_2004"
080901,50.20081,-104.71072,"O3_2007, O3_2008, O3_2023, O3_2005, O3_2012, O3_2011, O3_2013, O3_2002, O3_2010, O3_2009, O3_2006"
082002,55.83456,-108.40334,"PM25_2022, NO2_2023, PM25_2023, PM25_2020, O3_2021, PM25_2019, O3_2022, NO2_2021, PM25_2021, NO2_2022, O3_2023"
082002,55.83457,-108.40333,"NO2_2017, O3_2018, NO2_2020, NO2_2018, PM25_2018, PM25_2017, O3_2017, O3_2020, NO2_2019, O3_2019"
090120,53.50022,-113.52605,"PM25_2019, NO2_2021, O3_2016, NO2_2009, O3_2014, PM25_2009, O3_2015, PM25_2021, PM25_2020, O3_2021"
090120,53.50022,-113.52606,"NO2_2006, O3_2017, O3_2007, NO2_2014, PM25_2010, NO2_2010, PM25_2015, NO2_2017, O3_2018, NO2_2020, NO2_2005, NO2_2013, O3_2019, PM25_2013, PM25_2006, PM25_2018, O3_2011, O3_2013, NO2_2007, NO2_2018, NO2_2019, NO2_2011, PM25_2016, PM25_2011, O3_2012, PM25_2005, NO2_2015, PM25_2008, O3_2020, O3_2005, O3_2008, PM25_2014, PM25_2017, NO2_2012, PM25_2012, NO2_2008, O3_2010, NO2_2016, PM25_2007, O3_2009, O3_2006"
090135,53.55469,-113.14491,"PM25_2021, NO2_2022, PM25_2022, PM25_2019, O3_2022, NO2_2021, O3_2016, O3_2023, NO2_2023, PM25_2020, O3_2021, PM25_2023"
090135,53.55469,-113.1449,"NO2_2017, O3_2018, NO2_2020, PM25_2018, O3_2019, NO2_2016, O3_2020, NO2_2015, PM25_2016, PM25_2017, NO2_2019, O3_2017, NO2_2018"
090136,53.62691,-113.61189,"NO2_2023, PM25_2022, PM25_2019, O3_2022, NO2_2021, O3_2016, O3_2023, PM25_2023, PM25_2020, O3_2021, PM25_2021, NO2_2022"
090136,53.62691,-113.61188,"NO2_2018, PM25_2017, PM25_2018, NO2_2016, O3_2019, PM25_2016, NO2_2019, O3_2020, O3_2017, NO2_2017, O3_2018, NO2_2020"
090222,51.07922,-114.14183,"PM25_2011, O3_2012, PM25_2005, O3_2015, NO2_2015, PM25_2006, O3_2008, PM25_2014, PM25_2016, PM25_2017, NO2_2012, PM25_2012, O3_2017, O3_2007, NO2_2014, O3_2016, NO2_2009, O3_2014, PM25_2008, O3_2005, NO2_2008, O3_2010, NO2_2016, PM25_2007, O3_2009, O3_2006, NO2_2017, O3_2018, NO2_2005, NO2_2013, NO2_2006, PM25_2018, O3_2011, O3_2013, NO2_2007, NO2_2018, PM25_2010, O3_2002, NO2_2002, NO2_2010, PM25_2015, PM25_2013, PM25_2009, NO2_2011"
090222,51.079222,-114.141828,"O3_1977, O3_1991, NO2_1992, NO2_1987, O3_2004, O3_1974, O3_1989, O3_1993, NO2_1981, O3_1995, PM25_2002, O3_1983, NO2_1984, NO2_1988, O3_1984, O3_1999, O3_1978, NO2_1978, O3_1994, O3_1985, NO2_1989, NO2_1991, NO2_2000, PM25_2004, O3_2001, NO2_1977, NO2_1985, O3_1990, NO2_1999, O3_1988, NO2_1990, NO2_1983, NO2_1998, O3_1986, NO2_1980, NO2_1975, NO2_1986, NO2_1996, NO2_1995, NO2_1994, O3_1987, O3_1982, NO2_2001, O3_1975, O3_1998, NO2_1979, O3_2000, NO2_2004, NO2_1982, NO2_2003, O3_1976, NO2_1976, O3_1997, PM25_2003, O3_2003, NO2_1993, NO2_1997, O3_1992, O3_1979, O3_1980, O3_1981, O3_1996"
090235,51.08266,-114.13883,"NO2_2018, PM25_2018, O3_2019, NO2_2019, O3_2020, O3_2018, NO2_2020"
090235,51.08266,-114.13882,"PM25_2023, PM25_2020, O3_2021, NO2_2023, O3_2023, PM25_2021, NO2_2022, PM25_2019, O3_2022, NO2_2021, PM25_2022"
090250,51.26808,-114.03779,"NO2_2017, O3_2018, NO2_2020, NO2_2018, PM25_2018, PM25_2017, O3_2017, O3_2020, NO2_2019, O3_2019"
090250,51.26808,-114.0378,"PM25_2022, PM25_2021, NO2_2022, PM25_2019, O3_2022, NO2_2021, PM25_2020, O3_2021, NO2_2023, PM25_2023, O3_2023"
091001,51.66667,-110.2,"O3_1997, O3_2003, O3_2001, O3_1995, O3_1999, O3_1994, O3_1996, O3_2004, O3_1998, O3_2000"
091001,51.66975,-110.20653,"O3_2002, O3_2007, O3_2012, O3_2015, O3_2014, O3_2008, O3_2009, O3_2010, O3_2006, O3_2011, O3_2013, O3_2005"
091601,53.62106,-115.86916,"O3_2008, O3_2023, NO2_2017, O3_2018, NO2_2020, NO2_2005, NO2_2013, O3_2012, O3_2015, NO2_2015, O3_2017, O3_2007, NO2_2014, NO2_2019, NO2_2023, NO2_2011, O3_2021, O3_2020, O3_2005, O3_2016, NO2_2009, O3_2014, O3_2019, NO2_2021, O3_2022, NO2_2022, O3_2002, NO2_2002, NO2_2007, NO2_2018, O3_2011, O3_2013, NO2_2006, NO2_2008, NO2_2016, O3_2009, O3_2006, NO2_2012"
091601,53.621062,-115.8869155,"O3_2003, O3_2001, NO2_1999, O3_1999, NO2_2000, NO2_2004, NO2_2003, NO2_1998, O3_2004, NO2_2001, O3_1998, O3_2000"
092001,55.1766,-118.8078,"PM25_2016, PM25_2020, O3_2021, PM25_2010, NO2_2010, PM25_2015, O3_2017, O3_2007, NO2_2014, PM25_2011, O3_2012, PM25_2005, O3_2015, NO2_2015, O3_2016, NO2_2009, O3_2014, O3_2008, PM25_2014, O3_2023, PM25_2017, NO2_2012, PM25_2012, PM25_2009, NO2_2019, NO2_2023, NO2_2011, NO2_2007, NO2_2018, PM25_2022, NO2_2006, NO2_2017, O3_2018, NO2_2020, NO2_2005, NO2_2013, PM25_2019, O3_2019, PM25_2013, NO2_2021, O3_2022, NO2_2008, NO2_2016, PM25_2007, O3_2009, O3_2010, O3_2006, PM25_2021, PM25_2006, NO2_2022, PM25_2018, O3_2011, O3_2013, PM25_2008, O3_2020, O3_2005, PM25_2023"
092001,55.176636,-118.807756,"NO2_2004, PM25_2004, O3_2004"
094001,55.40266,-118.28095,"PM25_2014, PM25_2006, PM25_2018, PM25_2010, PM25_2015, PM25_2013, PM25_2007, PM25_2008, PM25_2011, PM25_2005, PM25_2016, PM25_2017, PM25_2012"
094001,55.40266,-118.28094,"PM25_2022, PM25_2021, PM25_2019, PM25_2020, PM25_2009, PM25_2023"
100118,49.26167,-123.16347,"O3_2008, PM25_2014, NO2_2005, NO2_2013, PM25_2011, O3_2012, PM25_2005, O3_2007, NO2_2014, NO2_2011, PM25_2008, O3_2005, PM25_2013, PM25_2006, PM25_2010, NO2_2010, NO2_2007, O3_2011, O3_2013, NO2_2006, NO2_2008, PM25_2007, O3_2009, O3_2010, O3_2006, PM25_2012, NO2_2012"
100118,49.26167,-123.163472,"O3_1991, NO2_1992, NO2_1987, O3_2004, O3_1989, O3_1993, O3_1995, NO2_1988, O3_1999, O3_1994, NO2_1989, NO2_1991, NO2_2000, PM25_2004, O3_2001, O3_1990, NO2_1999, O3_1988, NO2_1990, NO2_1998, O3_1986, NO2_1986, NO2_1996, NO2_1995, NO2_1994, O3_1987, NO2_2001, O3_1998, O3_2000, NO2_2004, NO2_2003, O3_1997, O3_2003, NO2_1993, NO2_1997, O3_1992, O3_1996"
100118,49.26167,-123.16348,"PM25_2009, O3_2002, NO2_2002, NO2_2009, O3_2014"
100119,49.21519,-122.98566,"PM25_2009, NO2_2023, PM25_2023, O3_2023, O3_2016, NO2_2009, O3_2014, PM25_2020, O3_2021, PM25_2022, PM25_2021, NO2_2022, PM25_2019, NO2_2021, O3_2022, O3_2002, NO2_2002, O3_2015"
100119,49.21519,-122.985666,"O3_1999, NO2_2000, PM25_2004, NO2_2004, NO2_2003, O3_1996, NO2_1999, O3_2001, O3_1997, PM25_2003, O3_2003, NO2_2001, O3_1998, O3_2000, NO2_1997, NO2_1996, NO2_1995, O3_2004, NO2_1998, O3_1995"
100119,49.21519,-122.98567,"PM25_2010, NO2_2010, PM25_2015, PM25_2016, NO2_2006, PM25_2006, NO2_2008, NO2_2016, PM25_2007, O3_2009, O3_2010, O3_2006, NO2_2017, O3_2018, NO2_2020, NO2_2005, NO2_2013, NO2_2007, NO2_2018, PM25_2018, O3_2011, O3_2013, PM25_2017, PM25_2012, NO2_2012, O3_2017, O3_2007, NO2_2014, O3_2008, PM25_2014, PM25_2008, O3_2020, O3_2005, PM25_2011, O3_2012, PM25_2005, NO2_2015, NO2_2019, NO2_2011, O3_2019, PM25_2013"
100125,49.15835,-122.90173,"NO2_2006, O3_2017, O3_2007, NO2_2014, O3_2002, NO2_2002, NO2_2010, PM25_2015, NO2_2017, O3_2018, NO2_2020, NO2_2005, NO2_2013, PM25_2019, O3_2019, PM25_2013, NO2_2021, O3_2022, PM25_2021, NO2_2022, PM25_2018, O3_2011, O3_2013, NO2_2007, NO2_2018, PM25_2022, NO2_2019, NO2_2023, NO2_2011, PM25_2016, PM25_2020, O3_2021, O3_2012, O3_2015, NO2_2015, O3_2016, NO2_2009, O3_2014, O3_2020, O3_2005, PM25_2023, O3_2008, PM25_2014, O3_2023, PM25_2017, PM25_2012, NO2_2012, NO2_2008, NO2_2016, O3_2009, O3_2010, O3_2006"
100125,49.158348,-122.90173,"O3_1997, O3_2003, NO2_1988, O3_1984, NO2_1994, O3_1987, NO2_1992, NO2_1987, O3_2004, NO2_1998, O3_1986, NO2_1996, NO2_1995, NO2_2004, NO2_2003, NO2_2001, O3_1998, O3_2000, O3_1999, O3_1994, O3_1985, NO2_1989, NO2_1991, NO2_2000, O3_2001, O3_1990, O3_1989, O3_1993, O3_1995, NO2_1990, NO2_1999, O3_1988, O3_1991, O3_1992, O3_1996, NO2_1993, NO2_1997"
100126,49.27981,-122.92227,"O3_2001, O3_1990, NO2_2007, NO2_2018, NO2_1994, O3_1987, NO2_2012, NO2_1988, O3_1984, O3_2011, O3_2013, O3_1989, O3_1993, O3_1995, NO2_2008, NO2_2016, O3_2009, O3_2010, O3_2006, NO2_1990, O3_1991, O3_2019, O3_1992, O3_1996, NO2_2010, O3_1999, O3_1994, O3_1985, NO2_1989, NO2_1991, NO2_2000, NO2_2006, NO2_2001, O3_1998, O3_2000, O3_1997, O3_2003, NO2_2019, NO2_2011, NO2_1992, NO2_1987, O3_2004, O3_2020, O3_2005, NO2_1998, O3_1986, O3_2008, NO2_1993, NO2_1997, O3_2012, NO2_2015, NO2_1986, NO2_1996, NO2_1995, NO2_2004, NO2_2003, O3_2017, O3_2007, NO2_2014, NO2_1999, O3_1988, NO2_2017, O3_2018, NO2_2020, NO2_2005, NO2_2013"
100126,49.27981,-122.92226,"NO2_2023, O3_2023, O3_2016, NO2_2009, O3_2014, O3_2021, NO2_2022, NO2_2021, O3_2022, O3_2002, NO2_2002, O3_2015"
100132,49.32389,-123.08349,"NO2_1992, O3_2004, O3_1991, NO2_1996, NO2_1995, O3_1997, O3_2003, NO2_2004, NO2_2003, NO2_1994, NO2_1998, NO2_1993, NO2_1997, NO2_1999, O3_1993, O3_1995, O3_2001, O3_1992, O3_1996, O3_1999, O3_1994, NO2_1991, NO2_2000, NO2_2001, O3_1998, O3_2000"
100132,49.32399,-123.0835,"PM25_2019, O3_2019, PM25_2013, NO2_2021, O3_2022, O3_2020, O3_2005, PM25_2023, NO2_2008, NO2_2016, O3_2009, O3_2010, O3_2006, PM25_2018, O3_2011, O3_2013, NO2_2006, NO2_2007, NO2_2018, PM25_2022, NO2_2017, O3_2018, NO2_2020, NO2_2005, NO2_2013, PM25_2021, NO2_2022, O3_2008, PM25_2014, O3_2023, O3_2016, NO2_2009, O3_2014, PM25_2017, PM25_2012, NO2_2012, PM25_2016, PM25_2020, O3_2021, O3_2007, O3_2017, NO2_2014, NO2_2019, NO2_2023, NO2_2011, O3_2012, O3_2015, NO2_2015, O3_2002, NO2_2002, NO2_2010, PM25_2015"
100134,49.18627,-123.15242,"NO2_2001, O3_1998, O3_2000, PM25_2001, NO2_2004, NO2_2003, PM25_2000, NO2_1998, PM25_1999, PM25_2003, O3_2003, O3_2001, O3_1999, NO2_2000, PM25_2004, NO2_1999, PM25_2002, O3_2004"
100134,49.18626,-123.15242,"O3_2008, PM25_2014, O3_2023, NO2_2017, O3_2018, NO2_2020, NO2_2005, NO2_2013, PM25_2011, O3_2012, PM25_2005, O3_2015, NO2_2015, O3_2007, O3_2017, NO2_2014, PM25_2009, NO2_2019, NO2_2023, NO2_2011, PM25_2016, PM25_2020, O3_2021, PM25_2008, O3_2020, O3_2005, PM25_2023, O3_2016, NO2_2009, O3_2014, PM25_2019, O3_2019, PM25_2013, NO2_2021, O3_2022, PM25_2006, PM25_2021, NO2_2022, PM25_2010, O3_2002, NO2_2002, NO2_2010, PM25_2015, NO2_2007, NO2_2018, PM25_2022, PM25_2018, O3_2011, O3_2013, NO2_2006, NO2_2008, NO2_2016, PM25_2007, O3_2009, O3_2010, O3_2006, PM25_2017, PM25_2012, NO2_2012"
100135,49.28827,-122.79157,"O3_2011, O3_2013, NO2_2019, NO2_2023, NO2_2011, NO2_2007, NO2_2018, O3_2019, NO2_2021, O3_2022, NO2_2017, O3_2018, NO2_2020, NO2_2005, NO2_2013, NO2_2008, NO2_2016, O3_2009, O3_2010, O3_2006, NO2_2006, O3_2002, NO2_2002, NO2_2010, O3_2007, O3_2017, NO2_2014, NO2_2012, O3_2016, NO2_2009, O3_2014, O3_2012, O3_2015, NO2_2015, O3_2008, O3_2023, O3_2020, O3_2005, O3_2021, NO2_2022"
100135,49.288264,-122.79157,"NO2_2001, O3_2000, NO2_2004, NO2_2003, O3_2003, O3_2001, NO2_2000, O3_2004"
100141,49.26027,-123.07777,"PM25_2020, O3_2021, PM25_2021, NO2_2022, PM25_2022, O3_2023, PM25_2023, O3_2016, O3_2015, NO2_2023, PM25_2019, NO2_2021, O3_2022"
100141,49.26027,-123.07778,"NO2_2016, O3_2019, NO2_2018, PM25_2015, PM25_2018, NO2_2017, O3_2018, NO2_2020, NO2_2015, O3_2020, NO2_2019, O3_2017, PM25_2016, PM25_2017"
100304,48.44194,-123.36316,"PM25_2008, O3_2020, O3_2005, O3_2019, PM25_2013, NO2_2019, NO2_2011, O3_2017, NO2_2014, PM25_2017, NO2_2012, PM25_2012, O3_2008, PM25_2014, O3_2012, PM25_2011, PM25_2005, NO2_2015, NO2_2017, O3_2018, NO2_2020, NO2_2005, NO2_2013, NO2_2008, NO2_2016, PM25_2007, O3_2009, O3_2010, O3_2006, NO2_2018, PM25_2010, NO2_2010, PM25_2015, NO2_2006, PM25_2018, O3_2011, O3_2013, PM25_2006, PM25_2016"
100304,48.44194,-123.36317,"PM25_2020, O3_2021, O3_2023, PM25_2023, O3_2015, PM25_2009, NO2_2023, O3_2002, NO2_2002, PM25_2021, NO2_2022, PM25_2019, NO2_2021, O3_2022, PM25_2022, O3_2016, NO2_2009, O3_2014"
100304,48.441942,-123.363165,"NO2_1999, NO2_1998, PM25_1999, O3_1999, NO2_2000, PM25_2004, PM25_2001, PM25_2002, O3_2004, PM25_2000, NO2_2001, O3_1998, O3_2000, PM25_2003, O3_2003, PM25_1998, NO2_2004, NO2_2003, O3_2001"
100307,48.43038,-123.46864,"PM25_2002, O3_2004, PM25_2003, O3_2003, PM25_2004, PM25_2001, O3_2001, NO2_2004, NO2_2003"
100307,48.43038,-123.46964,"NO2_2008, PM25_2007, O3_2006, PM25_2006, O3_2002, NO2_2002, NO2_2006, PM25_2008, O3_2005, O3_2008, PM25_2005, NO2_2005"
100308,48.42369,-123.49432,"PM25_2018, O3_2011, O3_2013, NO2_2019, NO2_2023, NO2_2011, NO2_2018, PM25_2022, PM25_2019, O3_2019, PM25_2013, NO2_2021, O3_2022, NO2_2017, O3_2018, NO2_2020, NO2_2013, NO2_2016, PM25_2015, O3_2017, NO2_2014, PM25_2017, NO2_2012, PM25_2012, O3_2016, O3_2014, O3_2012, PM25_2011, O3_2015, NO2_2015, PM25_2014, O3_2023, O3_2020, PM25_2023, PM25_2016, PM25_2020, O3_2021, PM25_2021, NO2_2022"
100308,48.42369,-123.49532,"PM25_2001, PM25_2000, PM25_2002"
100401,50.67477,-120.33402,"PM25_2018, NO2_2019, NO2_2018, O3_2019, PM25_2013, NO2_2017, O3_2018, NO2_2020, NO2_2016, PM25_2010, PM25_2015, O3_2017, NO2_2014, PM25_2017, PM25_2012, PM25_2011, NO2_2015, PM25_2014, O3_2020, PM25_2016"
100401,50.67477,-120.33401,"O3_2016, O3_2014, PM25_2023, PM25_2020, O3_2021, NO2_2023, O3_2015, O3_2023, PM25_2021, NO2_2022, PM25_2019, NO2_2021, O3_2022, PM25_2022"
100701,49.86234,-119.47737,"O3_2012, PM25_2011, PM25_2005, NO2_2015, PM25_2006, O3_2008, PM25_2014, PM25_2016, PM25_2017, NO2_2012, PM25_2012, O3_2007, O3_2017, NO2_2014, PM25_2008, O3_2005, NO2_2008, NO2_2016, PM25_2007, O3_2009, O3_2010, O3_2006, NO2_2017, O3_2018, NO2_2005, NO2_2013, NO2_2006, PM25_2018, O3_2011, O3_2013, NO2_2007, NO2_2018, PM25_2010, NO2_2010, PM25_2015, O3_2019, PM25_2013, NO2_2019, NO2_2011"
100701,49.86234,-119.47736,"O3_2015, O3_2016, NO2_2009, O3_2014, O3_2002, NO2_2002, PM25_2019, PM25_2009"
100701,49.862336,-119.477367,"O3_1999, O3_1994, NO2_2000, PM25_2004, PM25_1998, NO2_2004, NO2_2003, O3_1992, O3_1996, PM25_2001, NO2_1999, O3_1988, O3_1991, O3_2001, O3_1990, O3_1997, PM25_2003, O3_2003, NO2_2001, O3_1998, O3_2000, PM25_2000, O3_2004, NO2_1998, PM25_1999, O3_1987, PM25_2002, O3_1993, O3_1995"
101004,49.02528,-122.34389,"NO2_2004, NO2_2003, PM25_2002"
101004,49.0325,-122.35306,"O3_2008, NO2_2005, PM25_2005, O3_2007, PM25_2009, PM25_2008, NO2_2009, PM25_2006, PM25_2010, NO2_2010, NO2_2007, NO2_2006, NO2_2008, PM25_2007, O3_2009, O3_2010, O3_2006"
101101,49.15585,-121.94028,"PM25_2017, PM25_2012, NO2_2012, NO2_2007, NO2_2018, PM25_2022, PM25_2009, NO2_2019, NO2_2023, NO2_2011, O3_2016, NO2_2009, O3_2014, PM25_2011, O3_2012, PM25_2005, O3_2015, NO2_2015, PM25_2008, O3_2020, O3_2005, PM25_2023, PM25_2016, PM25_2020, O3_2021, O3_2007, O3_2017, NO2_2014, PM25_2010, O3_2002, NO2_2002, NO2_2010, PM25_2015, PM25_2018, O3_2011, O3_2013, PM25_2019, O3_2019, PM25_2013, NO2_2021, O3_2022, NO2_2017, O3_2018, NO2_2020, NO2_2005, NO2_2013, PM25_2006, PM25_2021, NO2_2022, NO2_2008, NO2_2016, PM25_2007, O3_2009, O3_2010, O3_2006, NO2_2006, O3_2008, PM25_2014, O3_2023"
101101,49.155848,-121.940279,"O3_1984, O3_1997, PM25_2003, O3_2003, O3_2001, PM25_1996, O3_1990, O3_1991, NO2_1999, O3_1988, O3_1989, O3_1993, O3_1995, PM25_2002, O3_1983, O3_1999, O3_1994, O3_1985, NO2_1991, NO2_2000, PM25_2004, PM25_1997, O3_1992, O3_1996, PM25_2001, PM25_1998, NO2_2004, NO2_2003, NO2_1994, PM25_1995, O3_1987, O3_1982, NO2_1996, NO2_1986, NO2_1995, PM25_2000, NO2_1993, NO2_1997, NO2_1998, PM25_1999, O3_1986, NO2_1992, O3_2004, NO2_2001, O3_1998, O3_2000, NO2_1990"
101202,49.24523,-122.70889,"PM25_2009, NO2_2019, NO2_2023, NO2_2011, PM25_2018, O3_2011, O3_2013, PM25_2017, PM25_2012, NO2_2012, PM25_2008, O3_2020, PM25_2023, O3_2008, PM25_2014, O3_2023, O3_2016, NO2_2009, O3_2014, O3_2007, O3_2017, NO2_2014, PM25_2016, PM25_2020, O3_2021, NO2_2006, NO2_2007, NO2_2018, PM25_2022, NO2_2008, NO2_2016, PM25_2007, O3_2009, O3_2010, O3_2006, PM25_2006, PM25_2021, NO2_2022, NO2_2017, O3_2018, NO2_2020, NO2_2013, PM25_2019, O3_2019, PM25_2013, NO2_2021, O3_2022, PM25_2010, O3_2002, NO2_2002, NO2_2010, PM25_2015, PM25_2011, O3_2012, PM25_2005, O3_2015, NO2_2015"
101202,49.245233,-122.70889,"O3_2001, PM25_2003, O3_2003, PM25_2000, O3_2004, NO2_2001, O3_1998, O3_2000, NO2_2004, NO2_2003, PM25_2001, NO2_1999, PM25_2002, O3_1999, NO2_2000, PM25_2004, NO2_1998, PM25_1999"
101301,49.09561,-122.5671,"NO2_2007, NO2_2018, PM25_2022, PM25_2017, PM25_2012, NO2_2012, PM25_2018, O3_2011, O3_2013, NO2_2008, NO2_2016, PM25_2007, O3_2009, O3_2010, O3_2006, PM25_2006, PM25_2021, NO2_2022, PM25_2019, O3_2019, PM25_2013, NO2_2021, O3_2022, PM25_2010, O3_2002, NO2_2002, NO2_2010, PM25_2015, NO2_2006, PM25_2016, PM25_2020, O3_2021, PM25_2009, NO2_2019, NO2_2023, NO2_2011, PM25_2008, O3_2020, O3_2005, PM25_2023, O3_2008, PM25_2014, O3_2023, PM25_2011, O3_2012, PM25_2005, O3_2015, NO2_2015, O3_2016, NO2_2009, O3_2014, O3_2007, O3_2017, NO2_2014, NO2_2017, O3_2018, NO2_2013, NO2_2020, NO2_2005"
101301,49.09561,-122.567104,"O3_1992, O3_1996, PM25_2001, NO2_2001, O3_1998, O3_2000, O3_1999, O3_1994, NO2_2000, PM25_2004, O3_1993, O3_1995, PM25_2002, NO2_1999, O3_2001, NO2_1994, NO2_2004, NO2_2003, NO2_1998, NO2_1992, O3_2004, NO2_1996, NO2_1995, NO2_1993, NO2_1997, O3_1997, PM25_2003, O3_2003"
101401,49.369887,-121.49912,"NO2_1997, NO2_1998, NO2_2001, O3_1998, O3_2000, NO2_2004, NO2_2003, NO2_1996, O3_2004, NO2_1999, O3_1999, NO2_2000, PM25_2004, O3_2001, O3_1996, O3_1997, O3_2003"
101401,49.36989,-121.49912,"PM25_2018, O3_2011, O3_2013, PM25_2009, NO2_2019, NO2_2023, NO2_2011, NO2_2007, NO2_2018, PM25_2022, PM25_2019, O3_2019, PM25_2013, NO2_2021, O3_2022, NO2_2017, O3_2018, NO2_2013, NO2_2020, NO2_2005, NO2_2008, NO2_2016, PM25_2007, O3_2009, O3_2010, O3_2006, NO2_2006, PM25_2010, O3_2002, NO2_2002, NO2_2010, PM25_2015, O3_2007, O3_2017, NO2_2014, PM25_2017, PM25_2012, NO2_2012, O3_2016, NO2_2009, O3_2014, PM25_2011, O3_2012, PM25_2005, O3_2015, NO2_2015, O3_2008, PM25_2014, O3_2023, PM25_2008, O3_2020, O3_2005, PM25_2023, PM25_2016, PM25_2020, O3_2021, PM25_2006, PM25_2021, NO2_2022"
101501,49.21494,-122.582057,"NO2_1999, O3_2001, O3_1999, NO2_2000, NO2_1998, NO2_2004, NO2_2003, O3_2003, NO2_2001, O3_1998, O3_2000, O3_2004"
101501,49.21494,-122.58206,"O3_2020, O3_2005, O3_2019, NO2_2019, NO2_2011, O3_2007, O3_2017, NO2_2014, NO2_2012, O3_2008, O3_2012, NO2_2015, NO2_2017, O3_2018, NO2_2013, NO2_2020, NO2_2005, NO2_2008, NO2_2016, O3_2009, O3_2010, O3_2006, NO2_2007, NO2_2018, NO2_2010, NO2_2006, O3_2011, O3_2013"
101501,49.21494,-122.58205,"NO2_2021, O3_2022, O3_2016, NO2_2009, O3_2014, NO2_2023, O3_2023, O3_2015, O3_2002, NO2_2002, NO2_2022, O3_2021"
101601,49.7001,-123.15422,"PM25_2014, NO2_2013, NO2_2005, O3_2012, PM25_2011, NO2_2015, O3_2007, NO2_2014, NO2_2011, O3_2005, PM25_2013, PM25_2010, NO2_2010, PM25_2015, NO2_2007, O3_2011, O3_2013, O3_2009, O3_2010, NO2_2012"
101601,49.7001,-123.15421,"O3_2002, PM25_2009, O3_2015, NO2_2009, O3_2014"
101601,49.700098,-123.154216,"O3_1999, O3_1996, O3_2001, O3_1997, O3_2003, O3_1998, O3_2000, O3_2004, O3_1995"
101701,52.981686,-112.493227,"PM25_2000, NO2_2004, NO2_2003, O3_2004, PM25_2002, PM25_2004, PM25_2001, PM25_2003, O3_2003"
101701,52.98169,-122.49323,"PM25_2017, NO2_2012, PM25_2012, NO2_2007, NO2_2018, PM25_2009, NO2_2019, NO2_2011, O3_2016, NO2_2009, O3_2014, O3_2012, PM25_2011, PM25_2005, O3_2015, NO2_2015, PM25_2008, O3_2020, O3_2005, PM25_2016, PM25_2020, O3_2007, O3_2017, NO2_2014, PM25_2010, NO2_2010, PM25_2015, PM25_2018, O3_2011, O3_2013, PM25_2019, O3_2019, PM25_2013, NO2_2017, O3_2018, NO2_2013, NO2_2020, NO2_2005, PM25_2006, NO2_2008, NO2_2016, PM25_2007, O3_2009, O3_2010, O3_2006, NO2_2006, O3_2008, PM25_2014"
101904,49.30258,-115.45132,"O3_2023, NO2_2023, PM25_2020, O3_2021, PM25_2023, PM25_2019, NO2_2021, O3_2022, PM25_2021, NO2_2022, PM25_2022"
101904,49.30258,-115.45131,"NO2_2020, O3_2019, NO2_2019, O3_2020"
102001,48.77524,-123.12821,"O3_2016, O3_2014, O3_2021, O3_2015, O3_2023, O3_2022, O3_2002"
102001,48.78333,-123.13333,"O3_1998, O3_2000, O3_1992, O3_1996, O3_2007, O3_2017, O3_2012, O3_2008, O3_1997, O3_2003, O3_2001, O3_1999, O3_1994, O3_2018, O3_1991, O3_2019, O3_1993, O3_1995, O3_2009, O3_2010, O3_2006, O3_2011, O3_2013, O3_2004, O3_2020, O3_2005"
102301,49.86691,-124.52182,"NO2_2012, NO2_2007, NO2_2018, NO2_2011, NO2_2009, PM25_2005, NO2_2015, NO2_2014, NO2_2002, NO2_2010, NO2_2017, NO2_2013, NO2_2005, NO2_2008, NO2_2016, PM25_2007"
102301,49.866905,-124.521819,"NO2_2001, PM25_2001, PM25_1998, NO2_2004, NO2_2003, PM25_2000, PM25_1999, PM25_2003, NO2_2000, PM25_2004, NO2_1999, PM25_2002"
102302,49.88689,-124.5581,"PM25_2010, PM25_2015, PM25_2013, PM25_2018, PM25_2016, PM25_2011, PM25_2014, PM25_2017, PM25_2012, PM25_2007"
102302,49.88689,-124.55811,PM25_2009
102401,54.78331,-127.17732,"PM25_2016, PM25_2010, O3_2002, NO2_2002, NO2_2010, PM25_2015, O3_2007, O3_2017, NO2_2014, O3_2012, PM25_2011, PM25_2005, O3_2015, NO2_2015, O3_2016, NO2_2009, O3_2014, O3_2008, PM25_2014, PM25_2017, NO2_2012, PM25_2012, PM25_2009, NO2_2011, NO2_2007, NO2_2018, NO2_2006, NO2_2017, O3_2018, NO2_2013, NO2_2005, PM25_2013, NO2_2008, NO2_2016, PM25_2007, O3_2009, O3_2010, O3_2006, PM25_2006, PM25_2018, O3_2011, O3_2013, PM25_2008, O3_2005"
102401,54.783308,-127.177324,"O3_2003, O3_2004, NO2_2004, NO2_2003, NO2_2001, O3_2000, O3_1999, NO2_2000, O3_2001, NO2_1999"
102501,54.518437,-128.597251,"PM25_2003, PM25_2004"
102501,54.51828,-128.59778,"PM25_2012, PM25_2007, PM25_2006, PM25_2013, PM25_2010, PM25_2015, PM25_2009, PM25_2008, PM25_2014, PM25_2011, PM25_2005"
102701,52.14428,-122.150391,"O3_1993, O3_1995, PM25_2002, O3_2001, O3_1996, O3_1992, PM25_2001, NO2_1999, O3_2004, O3_1997, PM25_2003, O3_2003, NO2_2004, O3_1998, O3_2000, NO2_1998, O3_1999, O3_1994, NO2_2000, PM25_2004"
102701,52.14428,-122.15039,"PM25_2006, PM25_2021, O3_2012, PM25_2011, PM25_2005, O3_2015, NO2_2015, NO2_2017, O3_2018, NO2_2013, NO2_2020, NO2_2005, PM25_2010, O3_2002, NO2_2010, PM25_2015, NO2_2018, PM25_2022, NO2_2006, NO2_2008, NO2_2016, PM25_2007, O3_2009, O3_2010, O3_2006, PM25_2019, O3_2019, PM25_2013, NO2_2021, O3_2016, NO2_2009, O3_2014, O3_2008, PM25_2014, O3_2023, O3_2017, NO2_2014, PM25_2009, NO2_2019, NO2_2023, NO2_2011, PM25_2017, NO2_2012, PM25_2012, PM25_2016, PM25_2020, O3_2021, PM25_2008, O3_2020, O3_2005, PM25_2023, PM25_2018, O3_2011, O3_2013"
102801,50.01843,-125.24844,"PM25_2016, PM25_2010, NO2_2010, PM25_2015, O3_2007, O3_2012, PM25_2011, O3_2008, PM25_2014, PM25_2017, NO2_2012, PM25_2012, NO2_2011, NO2_2007, NO2_2006, NO2_2013, NO2_2005, PM25_2013, NO2_2008, PM25_2007, O3_2009, O3_2010, O3_2006, PM25_2006, PM25_2018, O3_2011, O3_2013, PM25_2008, O3_2005"
102801,50.018425,-125.24844,"O3_2001, NO2_2001, O3_2003, O3_2004, NO2_2004, NO2_2003"
102801,50.01842,-125.24844,"PM25_2009, PM25_2023, NO2_2009, PM25_2020, PM25_2022, PM25_2021, PM25_2019, O3_2002, NO2_2002"
103202,51.297497,-116.966852,"PM25_2002, PM25_2003, PM25_2004"
103202,51.2975,-116.96685,"PM25_2007, PM25_2019, PM25_2013, PM25_2022, PM25_2010, PM25_2015, PM25_2018, PM25_2006, PM25_2021, PM25_2011, PM25_2005, PM25_2023, PM25_2009, PM25_2016, PM25_2020, PM25_2017, PM25_2012, PM25_2014"
103901,54.05389,-128.67144,"PM25_2010, PM25_2015, PM25_2016, PM25_2006, PM25_2007, PM25_2018, PM25_2017, PM25_2012, PM25_2014, PM25_2008, PM25_2011, PM25_2005, PM25_2013"
103901,54.05389,-128.67143,"PM25_2009, PM25_2020, PM25_2023, PM25_2019, PM25_2021, PM25_2022"
103901,54.05389,-128.671436,"PM25_2003, PM25_2004, PM25_2002"
103902,54.02919,-128.70268,"PM25_2021, PM25_2022, PM25_2019, PM25_2020"
103902,54.02919,-128.70269,"PM25_2013, PM25_2017, PM25_2012, PM25_2014, PM25_2011, PM25_2010, PM25_2015, PM25_2018, PM25_2016"
103903,54.06111,-128.68722,"PM25_2008, PM25_2005, NO2_2005, NO2_2008, PM25_2007, NO2_2007, PM25_2010, NO2_2010, NO2_2006, PM25_2006"
103903,54.06111,-128.68723,"NO2_2009, PM25_2009"
104003,50.26062,-119.27072,"O3_2007, O3_2017, NO2_2014, NO2_2006, PM25_2016, PM25_2020, O3_2021, O3_2008, PM25_2014, O3_2023, PM25_2008, O3_2020, O3_2005, PM25_2023, PM25_2011, O3_2012, PM25_2005, O3_2015, NO2_2015, PM25_2009, NO2_2019, NO2_2023, NO2_2011, PM25_2017, NO2_2012, PM25_2012, PM25_2018, O3_2011, O3_2013, PM25_2010, O3_2002, NO2_2002, NO2_2010, PM25_2015, PM25_2006, PM25_2021, NO2_2022, NO2_2008, NO2_2016, PM25_2007, O3_2009, O3_2010, O3_2006, PM25_2019, O3_2019, PM25_2013, NO2_2021, O3_2022, NO2_2017, O3_2018, NO2_2013, NO2_2020, NO2_2005, NO2_2007, NO2_2018, PM25_2022, O3_2016, NO2_2009, O3_2014"
104003,50.260617,-119.270723,"PM25_2004, PM25_2002, NO2_2004, NO2_2003, O3_2004, PM25_2003, O3_2003"
104301,56.15019,-120.68699,"O3_2018, NO2_2020, O3_2019, O3_2020, NO2_2019, NO2_2018"
104301,56.150186,-120.686985,"O3_2001, NO2_2001, O3_2000, NO2_1999, O3_1999, NO2_2000"
104301,56.15018,-120.68698,"NO2_2021, O3_2022, NO2_2022, O3_2023, O3_2021, NO2_2023, O3_2002, NO2_2002"
104601,54.69148,-127.05434,PM25_2009
104601,54.69148,-127.05433,"PM25_2012, PM25_2008, PM25_2014, PM25_2007, PM25_2006, PM25_2013, PM25_2010, PM25_2015, PM25_2011"
104803,48.78485,-123.71584,"O3_2016, NO2_2009, O3_2014, O3_2015, PM25_2009"
104803,48.78485,-123.71585,"PM25_2010, NO2_2010, PM25_2015, PM25_2016, NO2_2016, O3_2009, O3_2010, NO2_2017, O3_2018, NO2_2013, NO2_2018, PM25_2018, O3_2011, O3_2013, PM25_2017, NO2_2012, PM25_2012, O3_2017, NO2_2014, PM25_2014, O3_2012, PM25_2011, NO2_2015, NO2_2011, PM25_2013"
105001,50.14429,-122.9604,"PM25_2008, O3_2020, O3_2005, O3_2019, PM25_2013, NO2_2019, NO2_2011, O3_2007, O3_2017, NO2_2014, PM25_2017, NO2_2012, PM25_2012, O3_2008, PM25_2014, PM25_2011, O3_2012, PM25_2005, NO2_2015, NO2_2017, O3_2018, NO2_2013, NO2_2020, NO2_2005, NO2_2008, NO2_2016, PM25_2007, O3_2009, O3_2010, NO2_2007, NO2_2018, PM25_2010, NO2_2010, PM25_2015, PM25_2018, O3_2011, O3_2013, PM25_2016"
105001,50.144285,-122.960402,"O3_2003, O3_2004, NO2_2004, NO2_2003, O3_2001"
105001,50.14428,-122.9604,"O3_2023, PM25_2021, NO2_2022, O3_2002, PM25_2019, NO2_2021, O3_2022, PM25_2023, O3_2015, PM25_2020, O3_2021, PM25_2009, NO2_2023, O3_2016, NO2_2009, O3_2014, PM25_2022"
105101,54.398594,-126.646833,"PM25_2003, PM25_2001, PM25_2002, PM25_2004"
105101,54.39859,-126.64684,"PM25_2021, PM25_2019, PM25_2023, PM25_2020, PM25_2009, PM25_2022"
105101,54.39859,-126.64683,"PM25_2014, PM25_2011, PM25_2005, PM25_2016, PM25_2008, PM25_2013, PM25_2006, PM25_2010, PM25_2015, PM25_2018, PM25_2007, PM25_2017, PM25_2012"
105301,49.43885,-123.47919,"PM25_2016, PM25_2020, NO2_2002, NO2_2010, PM25_2015, NO2_2014, NO2_2015, NO2_2009, PM25_2014, PM25_2017, NO2_2012, NO2_2019, NO2_2023, NO2_2011, NO2_2007, NO2_2018, PM25_2022, NO2_2006, NO2_2017, NO2_2013, NO2_2020, NO2_2005, PM25_2019, NO2_2021, NO2_2016, PM25_2021, NO2_2022, PM25_2018, PM25_2023"
105301,49.438848,-123.479185,"NO2_2001, NO2_2004, NO2_2003"
105604,49,-119.4625,"PM25_2004, NO2_2004, O3_2004"
105604,49.05584,-119.50792,"NO2_2006, O3_2007, PM25_2010, NO2_2010, NO2_2005, PM25_2006, O3_2011, NO2_2007, NO2_2011, O3_2012, PM25_2011, PM25_2005, NO2_2009, PM25_2008, O3_2005, O3_2008, NO2_2012, PM25_2012, NO2_2008, PM25_2007, O3_2009, O3_2010, O3_2006"
119003,60.71861,-135.04919,"PM25_2010, O3_2002, NO2_2002, NO2_2008, PM25_2007, O3_2009, O3_2010, NO2_2005, O3_2011, PM25_2012, O3_2007, O3_2008, PM25_2008, O3_2005, PM25_2011, PM25_2005, PM25_2009"
119003,60.718609,-135.049193,"O3_2004, PM25_2002, PM25_2004, O3_2001, NO2_2001, NO2_2004, NO2_2003, PM25_2003, O3_2003, PM25_2001"
129202,68.36005,-133.7272,"NO2_2009, PM25_2009"
129202,68.36005,-133.72721,"PM25_2010, NO2_2010, NO2_2006, PM25_2006, NO2_2008, PM25_2007, O3_2009, O3_2006, NO2_2007, O3_2011, O3_2007, O3_2008, PM25_2008, PM25_2011, NO2_2011"
129203,68.35702,-133.71406,"O3_2012, PM25_2011, NO2_2015, PM25_2014, PM25_2016, PM25_2017, NO2_2012, PM25_2012, O3_2017, NO2_2014, O3_2020, NO2_2016, NO2_2017, O3_2018, NO2_2013, NO2_2020, PM25_2018, O3_2011, O3_2013, NO2_2018, PM25_2015, O3_2019, PM25_2013, NO2_2019, NO2_2011"
129203,68.35702,-133.71405,"NO2_2023, PM25_2022, PM25_2019, NO2_2021, O3_2022, O3_2016, O3_2014, O3_2015, O3_2023, PM25_2023, PM25_2020, O3_2021, PM25_2021, NO2_2022"
