"site_id","lat_precision","lng_precision","lat","lng","files"
"010301",6,6,48.949479,-57.945387,"NO2_2001, NO2_2003, NO2_2004, O3_2001, O3_2003, O3_2004, PM25_2001, PM25_2002, PM25_2003, PM25_2004"
"010701",6,6,51.021995,-57.095567,"O3_2004"
"011001",4,4,52.9518,-66.9156,"NO2_2014, NO2_2015, O3_2014, O3_2015, PM25_2014, PM25_2015"
"030118",6,6,44.646425,-63.573383,"NO2_1990, NO2_1991, NO2_1992, NO2_1993, NO2_1994, NO2_1995, NO2_1996, NO2_1998, NO2_2000, NO2_2001, NO2_2004, O3_1990, O3_1991, O3_1992, O3_1993, O3_1994, O3_1995, O3_1996, O3_1998, O3_2000, O3_2001, O3_2003, O3_2004"
"030120",6,6,44.719799,-63.480754,"PM25_2001, PM25_2002, PM25_2003, PM25_2004"
"030501",6,6,44.433611,-65.205833,"O3_1985, O3_1986, O3_1987, O3_1988, O3_1989, O3_1990, O3_1991, O3_1992, O3_1993, O3_1994, O3_1995, O3_1996, O3_1997, O3_1998, O3_1999, O3_2000, O3_2001, O3_2003, O3_2004, PM25_1998, PM25_1999, PM25_2000, PM25_2001, PM25_2002, PM25_2003, PM25_2004"
"040103",6,6,45.957318,-66.646719,"NO2_1999, NO2_2000, NO2_2001, NO2_2003, NO2_2004, O3_1999, O3_2000, O3_2001, O3_2003, O3_2004, PM25_1999, PM25_2000, PM25_2001, PM25_2002, PM25_2003, PM25_2004"
"040203",6,6,45.308762,-66.008384,"NO2_1987, NO2_1988, NO2_1989, NO2_1990, NO2_1991, NO2_1992, NO2_1993, NO2_1994, NO2_1995, NO2_1996, NO2_1997, NO2_1998, NO2_1999, NO2_2000, NO2_2001, NO2_2003, NO2_2004, O3_1980, O3_1981, O3_1982, O3_1983, O3_1984, O3_1985, O3_1986, O3_1987, O3_1988, O3_1989, O3_1990, O3_1991, O3_1992, O3_1993, O3_1994, O3_1995, O3_1996, O3_1997, O3_1998, O3_1999, O3_2000, O3_2001, O3_2003, O3_2004, PM25_1996, PM25_1997, PM25_1998, PM25_1999, PM25_2000, PM25_2001, PM25_2002, PM25_2003, PM25_2004"
"040207",6,6,45.252898,-66.080065,"O3_1997, O3_1998, O3_1999, O3_2000, O3_2001, O3_2003, O3_2004"
"040302",6,6,46.101578,-64.789661,"NO2_1998, NO2_1999, NO2_2000, NO2_2001, NO2_2003, NO2_2004, O3_1998, O3_1999, O3_2000, O3_2001, O3_2003, O3_2004, PM25_1999, PM25_2000, PM25_2001, PM25_2002, PM25_2003, PM25_2004"
"040501",6,6,45.073272,-66.449573,"O3_1986, O3_1987, O3_1988, O3_1989, O3_1990, O3_1991, O3_1992, O3_1993, O3_1994, O3_1995, O3_1996, O3_1997, O3_1999, O3_2000, O3_2001, O3_2003, O3_2004"
"040601",6,6,45.605756,-66.561643,"O3_1987, O3_1988, O3_1989, O3_1990, O3_1991, O3_1992, O3_1993, O3_1994, O3_1995, O3_1996, O3_1997, O3_1998, O3_1999, O3_2000, O3_2001, O3_2003, O3_2004"
"040801",6,6,45.950069,-67.477738,"O3_1994, O3_1995, O3_1996, O3_1997, O3_1998, O3_1999, O3_2000, O3_2001, O3_2003, O3_2004"
"040901",6,6,45.086912,-67.074036,"O3_1997, O3_1998, O3_1999, O3_2000, O3_2001, O3_2003, O3_2004, PM25_1998, PM25_1999, PM25_2000, PM25_2001, PM25_2002, PM25_2003, PM25_2004"
"041101",6,6,47.157628,-67.831015,"O3_2000, O3_2001, O3_2003, O3_2004"
"041201",6,6,47.071087,-65.423534,"O3_2000, O3_2001, O3_2003, O3_2004"
"050102",6,6,45.562117,-73.571627,"NO2_1974, NO2_1975, NO2_1976, NO2_1977, NO2_1978, NO2_1979, NO2_1980, NO2_1981, NO2_1982, NO2_1983, NO2_1984, NO2_1985, NO2_1986, NO2_1987, NO2_1988, NO2_1989, NO2_1990, NO2_1991, NO2_1992, NO2_1993, NO2_1994, NO2_1995, NO2_1996, NO2_1997, NO2_1998, NO2_1999, NO2_2000, NO2_2001, NO2_2003, NO2_2004, O3_1974, O3_1975, O3_1976, O3_1977, O3_1978, O3_1979, O3_1980, O3_1981, O3_1982, O3_1983, O3_1984, O3_1985, O3_1986, O3_1987, O3_1988, O3_1989, O3_1990, O3_1991, O3_1992, O3_1993, O3_1994, O3_1995, O3_1996, O3_1997, O3_1998, O3_1999, O3_2000, O3_2001, O3_2003, O3_2004"
"050103",6,6,45.641026,-73.499682,"NO2_1982, NO2_1983, NO2_1984, NO2_1985, NO2_1986, NO2_1987, NO2_1988, NO2_1992, NO2_1993, NO2_1994, NO2_1995, NO2_1996, NO2_1997, NO2_1998, NO2_1999, NO2_2000, NO2_2001, NO2_2003, NO2_2004, O3_1974, O3_1975, O3_1976, O3_1977, O3_1978, O3_1979, O3_1980, O3_1981, O3_1982, O3_1983, O3_1984, O3_1985, O3_1986, O3_1987, O3_1988, O3_1989, O3_1990, O3_1991, O3_1992, O3_1993, O3_1994, O3_1995, O3_1996, O3_1997, O3_1998, O3_1999, O3_2000, O3_2001, O3_2003, O3_2004, PM25_2004"
"050104",6,6,45.520532,-73.563178,"NO2_1974, NO2_1975, NO2_1976, NO2_1977, NO2_1978, NO2_1979, NO2_1980, NO2_1981, NO2_1982, NO2_1983, NO2_1984, NO2_1985, NO2_1986, NO2_1987, NO2_1988, NO2_1989, NO2_1990, NO2_1991, NO2_1992, NO2_1993, NO2_1994, NO2_1995, NO2_1996, NO2_1997, NO2_1998, NO2_1999, NO2_2000, NO2_2001, NO2_2003, NO2_2004, O3_1974, O3_1975, O3_1976, O3_1977, O3_1978, O3_1979, O3_1980, O3_1981, O3_1982, O3_1983, O3_1984, O3_1985, O3_1986, O3_1987, O3_1988, O3_1989, O3_1990, O3_1991, O3_1992, O3_1993, O3_1994, O3_1995, O3_1996, O3_1997, O3_1998, O3_1999, O3_2000, O3_2001, O3_2003, O3_2004"
"050105",6,6,45.497859,-73.573035,"PM25_1997, PM25_1998, PM25_1999, PM25_2000, PM25_2001, PM25_2002, PM25_2003, PM25_2004"
"050109",6,6,45.502679,-73.663875,"NO2_1977, NO2_1978, NO2_1979, NO2_1980, NO2_1981, NO2_1982, NO2_1983, NO2_1984, NO2_1985, NO2_1986, NO2_1987, NO2_1988, NO2_1989, NO2_1990, NO2_1991, NO2_1992, NO2_1993, NO2_1994, NO2_1995, NO2_1996, NO2_1997, NO2_1998, NO2_1999, NO2_2000, NO2_2001, NO2_2003, NO2_2004, O3_1974, O3_1975, O3_1976, O3_1977, O3_1978, O3_1979, O3_1980, O3_1981, O3_1982, O3_1983, O3_1984, O3_1985, O3_1986, O3_1987, O3_1988, O3_1989, O3_1990, O3_1991, O3_1992, O3_1993, O3_1994, O3_1995, O3_1996, O3_1997, O3_1998, O3_1999, O3_2000, O3_2001, O3_2003, O3_2004, PM25_2001, PM25_2002, PM25_2003, PM25_2004"
"050110",4,4,45.5945,-73.6415,"NO2_1975, NO2_1976, NO2_1977, NO2_1978, NO2_1979, NO2_1980, NO2_1981, NO2_1982, NO2_1983, NO2_1984, NO2_1985, NO2_1986, NO2_1987, NO2_1988, NO2_1989, NO2_1990, NO2_1991, NO2_1992, NO2_1993, NO2_1994, NO2_1995, NO2_1996, NO2_1997, NO2_1998, NO2_1999, NO2_2000, NO2_2001, NO2_2003, NO2_2004, O3_1975, O3_1976, O3_1977, O3_1978, O3_1980, O3_1981, O3_1982, O3_1983, O3_1984, O3_1985, O3_1986, O3_1987, O3_1988, O3_1989, O3_1990, O3_1991, O3_1992, O3_1993, O3_1994, O3_1995, O3_1996, O3_1997, O3_1998, O3_1999, O3_2000, O3_2001, O3_2003, O3_2004, PM25_2001, PM25_2002, PM25_2003, PM25_2004"
"050111",6,6,45.589722,-73.820833,"NO2_1975, NO2_1976, NO2_1977, NO2_1978, NO2_1979, NO2_1980, NO2_1981, O3_1975, O3_1976, O3_1977, O3_1978, O3_1979, O3_1980, O3_1981"
"050112",2,6,45.56,-73.681389,"NO2_1975, NO2_1976, NO2_1977, NO2_1978, NO2_1979, NO2_1980, NO2_1981, NO2_1982, NO2_1983, NO2_1984, NO2_1985, NO2_1986, NO2_1987, NO2_1988, NO2_1989, NO2_1990, NO2_1991, NO2_1992, O3_1975, O3_1976, O3_1977, O3_1978, O3_1979, O3_1980, O3_1981, O3_1982, O3_1983, O3_1984, O3_1985, O3_1986, O3_1987, O3_1988, O3_1989, O3_1990, O3_1991, O3_1992"
"050113",8,8,45.54746389,-73.74831667,"NO2_1976, NO2_1977, NO2_1978, NO2_1979, NO2_1980, NO2_1981, NO2_1982, NO2_1983, NO2_1984, NO2_1985, NO2_1986, NO2_1987, NO2_1988, NO2_1989, NO2_1990, NO2_1991, NO2_1992, NO2_1993, NO2_1994, NO2_1996, NO2_1997, NO2_1998, NO2_1999, NO2_2000, NO2_2001, NO2_2003, NO2_2004, O3_1976, O3_1977, O3_1978, O3_1979, O3_1980, O3_1981, O3_1982, O3_1983, O3_1984, O3_1985, O3_1986, O3_1987, O3_1988, O3_1989, O3_1990, O3_1991, O3_1992, O3_1993, O3_1994, O3_1995, O3_1996, O3_1997, O3_1998, O3_1999, O3_2000, O3_2001, O3_2003, O3_2004, PM25_2003, PM25_2004"
"050115",6,6,45.501531,-73.574311,"NO2_1977, NO2_1978, NO2_1979, NO2_1980, NO2_1981, NO2_1982, NO2_1983, NO2_1984, NO2_1985, NO2_1986, NO2_1987, NO2_1988, NO2_1989, NO2_1990, NO2_1991, NO2_1992, NO2_1993, NO2_1994, NO2_1995, NO2_1996, NO2_1997, NO2_1998, NO2_1999, NO2_2000, NO2_2001, NO2_2003, NO2_2004, O3_1977, O3_1978, O3_1979, O3_1980, O3_1981, O3_1982, O3_1983, O3_1984, O3_1985, O3_1986, O3_1987, O3_1988, O3_1989, O3_1990, O3_1991, O3_1992, O3_1993, O3_1994, O3_1995, O3_1996, O3_1997, O3_1998, O3_1999, O3_2000, O3_2001, O3_2003, O3_2004"
"050126",6,8,45.426513,-73.92228923,"NO2_1998, NO2_1999, NO2_2000, NO2_2001, NO2_2003, NO2_2004, O3_1998, O3_1999, O3_2000, O3_2001, O3_2003, O3_2004, PM25_1997, PM25_1998, PM25_1999, PM25_2000, PM25_2001, PM25_2002, PM25_2003, PM25_2004"
"050128",6,6,45.468322,-73.741198,"NO2_1998, NO2_1999, NO2_2000, NO2_2001, NO2_2003, NO2_2004, O3_1998, O3_1999, O3_2000, O3_2001, O3_2003, O3_2004, PM25_2000, PM25_2001, PM25_2002, PM25_2003, PM25_2004"
"050129",6,6,45.651691,-73.573825,"O3_2000, O3_2001, O3_2003, O3_2004, PM25_1998, PM25_1999, PM25_2000, PM25_2001, PM25_2002, PM25_2003, PM25_2004"
"050131",6,6,45.539928,-73.540388,"PM25_2001, PM25_2002, PM25_2003, PM25_2004"
"050203",6,6,45.444167,-75.738889,"NO2_1977, NO2_1978, NO2_1979, NO2_1980, NO2_1981, NO2_1982, NO2_1983, NO2_1984, NO2_1985, NO2_1986, NO2_1987, NO2_1988, NO2_1989, NO2_1990, NO2_1991, NO2_1992, NO2_1993, NO2_1994, NO2_1996, O3_1992, O3_1993, O3_1994, O3_1995, O3_1996"
"050204",6,6,45.435987,-75.723429,"NO2_1998, NO2_1999, NO2_2000, NO2_2001, NO2_2003, NO2_2004, O3_1997, O3_1998, O3_1999, O3_2000, O3_2001, O3_2003, O3_2004, PM25_2003, PM25_2004"
"050304",6,4,46.819722,-71.2275,"NO2_1974, NO2_1975, NO2_1976, NO2_1977, NO2_1978, NO2_1979, NO2_1980, NO2_1981, NO2_1982, NO2_1983, O3_1974, O3_1975, O3_1976, O3_1977, O3_1978, O3_1979, O3_1980, O3_1981, O3_1982, O3_1983"
"050307",6,6,46.824444,-71.234722,"NO2_1983, NO2_1984, NO2_1985, NO2_1986, NO2_1987, NO2_1988, NO2_1989, NO2_1990, NO2_1991, NO2_1992, NO2_1993, NO2_1994, NO2_1996, NO2_1997, NO2_1998, O3_1983, O3_1984, O3_1985, O3_1986, O3_1987, O3_1988, O3_1989, O3_1990, O3_1991, O3_1992, O3_1993, O3_1994, O3_1995, O3_1996, O3_1997, O3_1998"
"050308",6,6,46.821177,-71.220495,"NO2_1998, NO2_1999, NO2_2000, NO2_2001, NO2_2003, NO2_2004, O3_1998, O3_1999, O3_2000, O3_2001, O3_2003, O3_2004, PM25_1998, PM25_1999, PM25_2000, PM25_2001, PM25_2002, PM25_2003, PM25_2004"
"050310",6,6,46.794873,-71.246387,"O3_2000, O3_2001, O3_2003, O3_2004, PM25_2003, PM25_2004"
"050504",6,6,48.416374,-71.052412,"O3_2003, O3_2004, PM25_2002, PM25_2003, PM25_2004"
"050604",6,6,48.234087,-78.982778,"O3_2003, O3_2004"
"051501",8,8,46.04223333,-72.65976111,"O3_1987, O3_1990, O3_1992, O3_1993, O3_1994, O3_1995, O3_1996, O3_1997, O3_1998, O3_1999, O3_2000, O3_2001, O3_2003, O3_2004"
"052201",6,6,45.715614,-72.840249,"O3_1989, O3_1990, O3_1992, O3_1993, O3_1994, O3_1995, O3_1996, O3_1997, O3_1998, O3_1999, O3_2000, O3_2001, O3_2003, O3_2004"
"052401",6,6,45.622378,-76.018046,"O3_1989, O3_1990, O3_1992, O3_1993, O3_1994, O3_1995, O3_1996, O3_1997, O3_1998, O3_1999, O3_2000, O3_2001, O3_2003, O3_2004"
"052601",6,6,45.722896,-73.376808,"NO2_1996, NO2_1998, NO2_1999, NO2_2000, NO2_2001, NO2_2003, NO2_2004, O3_1994, O3_1995, O3_1996, O3_1997, O3_1998, O3_1999, O3_2000, O3_2001, O3_2003, O3_2004"
"053301",6,6,46.682373,-71.965903,"O3_1991, O3_1992, O3_1993, O3_1994, O3_1995, O3_1996, O3_1997, O3_1998, O3_1999, O3_2000, O3_2001, O3_2003, O3_2004"
"053501",6,6,47.015308,-70.862523,"O3_1989, O3_1990, O3_1991, O3_1992, O3_1993, O3_1994, O3_1995, O3_1996, O3_1997, O3_1998, O3_1999, O3_2000, O3_2001, O3_2003, O3_2004"
"053701",8,6,45.82486111,-70.856025,"O3_1990, O3_1991, O3_1992, O3_1993, O3_1994, O3_1995, O3_1996, O3_1997, O3_1998, O3_1999, O3_2000, O3_2001, O3_2003, O3_2004"
"053801",6,6,45.905785,-71.948695,"O3_1989, O3_1990, O3_1991, O3_1992, O3_1993, O3_1994, O3_1995, O3_1996, O3_1997, O3_1998, O3_1999, O3_2000, O3_2001, O3_2003, O3_2004"
"054401",6,4,45.120624,-74.2896,"O3_1994, O3_1995, O3_1996, O3_1997, O3_1998, O3_1999, O3_2000, O3_2001, O3_2003, O3_2004, PM25_1997, PM25_1998, PM25_1999, PM25_2000, PM25_2001, PM25_2002, PM25_2003, PM25_2004"
"054801",6,6,45.365683,-72.265099,"O3_1989, O3_1990, O3_1991, O3_1992, O3_1993, O3_1994, O3_1995, O3_1996, O3_1997, O3_1998, O3_1999, O3_2000, O3_2001, O3_2003, O3_2004"
"055201",4,6,46.3037,-72.060685,"O3_1999, O3_2000, O3_2001, O3_2003, O3_2004"
"060204",6,6,42.315778,-83.043667,"NO2_1974, NO2_1975, NO2_1976, NO2_1977, NO2_1978, NO2_1979, NO2_1980, NO2_1981, NO2_1982, NO2_1983, NO2_1984, NO2_1985, NO2_1986, NO2_1987, NO2_1988, NO2_1989, NO2_1990, NO2_1991, NO2_1992, NO2_1993, NO2_1994, NO2_1995, NO2_1996, NO2_1997, NO2_1998, NO2_1999, NO2_2000, NO2_2001, NO2_2003, NO2_2004, O3_1974, O3_1975, O3_1976, O3_1977, O3_1978, O3_1979, O3_1980, O3_1981, O3_1982, O3_1983, O3_1984, O3_1985, O3_1986, O3_1987, O3_1988, O3_1989, O3_1990, O3_1991, O3_1992, O3_1993, O3_1994, O3_1995, O3_1996, O3_1997, O3_1998, O3_1999, O3_2000, O3_2001, O3_2003, O3_2004, PM25_2001, PM25_2002, PM25_2003, PM25_2004"
"060211",6,6,42.292889,-83.073139,"NO2_2000, NO2_2001, NO2_2003, NO2_2004, O3_1993, O3_1994, O3_1995, O3_1996, O3_1997, O3_1998, O3_1999, O3_2000, O3_2001, O3_2003, O3_2004, PM25_2002, PM25_2003, PM25_2004"
"060418",6,6,43.662933,-79.451538,"NO2_1981, NO2_1982, NO2_1983, NO2_1984, NO2_1985, NO2_1986, NO2_1987, NO2_1988, NO2_1989, NO2_1990, NO2_1991, NO2_1992, NO2_1993, NO2_1994, O3_1981, O3_1982, O3_1983, O3_1984, O3_1985, O3_1986, O3_1987, O3_1988, O3_1989, O3_1990, O3_1991, O3_1992, O3_1993, O3_1994"
"060420",1,2,43.7,-79.35,"NO2_1988, NO2_1989, NO2_1990, NO2_1991, NO2_1992, NO2_1993, O3_1988, O3_1989, O3_1990, O3_1991, O3_1992, O3_1993"
"060424",6,6,43.662972,-79.388111,"NO2_1990, NO2_1991, NO2_1992, NO2_1993, NO2_1994, NO2_1995, NO2_1997, NO2_1998, NO2_1999, NO2_2000, NO2_2001, O3_1990, O3_1991, O3_1992, O3_1993, O3_1994, O3_1995, O3_1997, O3_1998, O3_1999, O3_2000, O3_2001, PM25_1998, PM25_1999, PM25_2000, PM25_2001, PM25_2002"
"060429",6,6,43.613587,-79.507537,"NO2_2001, NO2_2003, NO2_2004, O3_2001, O3_2003, O3_2004, PM25_2001, PM25_2003, PM25_2004"
"060430",6,4,43.709444,-79.5435,"NO2_2000, NO2_2003, NO2_2004, O3_2000, O3_2003, O3_2004, PM25_2000, PM25_2003, PM25_2004"
"060511",6,6,43.275799,-79.781415,"NO2_1984, NO2_1985, NO2_1986, NO2_1987, NO2_1988, NO2_1989, NO2_1990, NO2_1991, NO2_1992, NO2_1993, NO2_1994, NO2_1995, NO2_1996, NO2_1997, NO2_1998, NO2_1999, NO2_2000"
"060607",6,6,46.475694,-80.962944,"NO2_1984, NO2_1985, NO2_1986, NO2_1987, NO2_1988, NO2_1989, NO2_1990, NO2_1991, NO2_1992, NO2_1993, NO2_1994, NO2_1995, NO2_1996, NO2_1997, NO2_1998, NO2_1999, NO2_2000, NO2_2001, NO2_2003, NO2_2004, O3_1988, O3_1989, O3_1990, O3_1991, O3_1992, O3_1993, O3_1994, O3_1995, O3_1996, O3_1997, O3_1998, O3_1999, O3_2000, O3_2001, O3_2003, O3_2004"
"060809",6,6,48.379389,-89.290167,"O3_2004, PM25_2004"
"061005",2,1,42.95,-82.2,"O3_1980, O3_1981, O3_1982, O3_1983, O3_1984, O3_1985, O3_1986, O3_1987, O3_1988, O3_1989, O3_1990, O3_1991, O3_1992, O3_1993, O3_1994, O3_1995, O3_1996, O3_1997, O3_1998, O3_1999, O3_2000, O3_2001"
"061104",8,8,44.30183333,-78.34638611,"NO2_1999, NO2_2000, NO2_2001, NO2_2003, O3_1998, O3_1999, O3_2000, O3_2001, O3_2003, O3_2004, PM25_2001, PM25_2002, PM25_2003, PM25_2004"
"061201",7,7,45.0179806,-74.7353139,"NO2_1975, NO2_1976, NO2_1977, NO2_1978, NO2_1979, NO2_1980, NO2_1981, NO2_1982, NO2_1983, NO2_1984, NO2_1985, NO2_1986, NO2_1987, NO2_1988, NO2_1989, NO2_1990, NO2_1991, NO2_1992, NO2_1993, NO2_1994, NO2_1995, NO2_1996, NO2_1997, NO2_1999, NO2_2000, O3_1975, O3_1976, O3_1977, O3_1978, O3_1979, O3_1980, O3_1981, O3_1982, O3_1983, O3_1984, O3_1985, O3_1986, O3_1987, O3_1988, O3_1989, O3_1990, O3_1991, O3_1992, O3_1993, O3_1994, O3_1995, O3_1996, O3_1997, O3_1998, O3_1999, O3_2000, O3_2001, O3_2003, O3_2004, PM25_2003, PM25_2004"
"061602",6,6,43.400621,-79.727495,"NO2_1980, NO2_1981, NO2_1982, NO2_1983, NO2_1984, NO2_1985, NO2_1986, NO2_1987, NO2_1988, NO2_1989, NO2_1990, NO2_1991, NO2_1992, NO2_1993, NO2_1994, NO2_1995, NO2_1996, NO2_1997, NO2_1998, NO2_1999, NO2_2000, NO2_2001, O3_1980, O3_1981, O3_1982, O3_1983, O3_1984, O3_1985, O3_1986, O3_1987, O3_1988, O3_1989, O3_1990, O3_1991, O3_1992, O3_1993, O3_1994, O3_1995, O3_1996, O3_1997, O3_1998, O3_1999, O3_2000, O3_2001"
"061802",8,8,43.55163611,-80.26415556,"NO2_2001, NO2_2003, O3_1986, O3_1987, O3_1988, O3_1989, O3_1990, O3_1991, O3_1992, O3_1993, O3_1994, O3_1995, O3_1996, O3_2000, O3_2001, O3_2003, O3_2004, PM25_2000, PM25_2001, PM25_2002, PM25_2003, PM25_2004"
"063001",6,8,43.314575,-79.80275556,"NO2_1980, NO2_1981, NO2_1982, NO2_1983, NO2_1984, NO2_1985, NO2_1986, NO2_1987, NO2_1988, NO2_1989, NO2_1990, NO2_1991, NO2_1992, NO2_1993, NO2_1994, NO2_1995, NO2_1996, NO2_1997, NO2_1998, NO2_1999, NO2_2000, NO2_2001, NO2_2003, NO2_2004, O3_1980, O3_1981, O3_1982, O3_1983, O3_1984, O3_1985, O3_1986, O3_1987, O3_1988, O3_1989, O3_1990, O3_1991, O3_1992, O3_1993, O3_1994, O3_1995, O3_1996, O3_1997, O3_1998, O3_1999, O3_2000, O3_2001, O3_2003, O3_2004, PM25_2001, PM25_2002, PM25_2003, PM25_2004"
"063101",2,2,44.15,-79.85,"O3_1981, O3_1982, O3_1983, O3_1984, O3_1985, O3_1986, O3_1987, O3_1988, O3_1989, O3_1990, O3_1991, O3_1992, O3_1993, O3_1994"
"063301",6,6,45.224278,-78.932944,"NO2_1982, NO2_1984, NO2_1985, NO2_1986, NO2_1987, NO2_1988, NO2_1989, NO2_1990, NO2_1995, NO2_1996, NO2_1997, NO2_1998, NO2_1999, NO2_2000, NO2_2001, O3_1981, O3_1982, O3_1983, O3_1984, O3_1985, O3_1986, O3_1987, O3_1988, O3_1989, O3_1990, O3_1991, O3_1995, O3_1996, O3_1997, O3_1998, O3_1999, O3_2000, O3_2001, O3_2003, O3_2004, PM25_1999, PM25_2000, PM25_2001, PM25_2003, PM25_2004"
"063501",4,4,46.3807,-81.5448,"NO2_1984, NO2_1986"
"063701",8,8,43.33318611,-81.74282222,"O3_1993, O3_1994, O3_1995, O3_1996, O3_1997, O3_1998, O3_1999, O3_2000, O3_2001, O3_2003, O3_2004, PM25_2003, PM25_2004"
"063901",2,2,48.15,-89.45,"O3_1993, O3_1994, O3_1995, O3_1996"
"064401",6,6,44.231111,-79.783056,"O3_1988, O3_1989, O3_1990, O3_1991, O3_1992, O3_1993, O3_1994, O3_1995, O3_1996, O3_1997, O3_1998, O3_1999, O3_2000, O3_2001, O3_2003, O3_2004"
"065001",8,8,44.38231389,-79.70243056,"NO2_2001, NO2_2003, NO2_2004, O3_2001, O3_2003, O3_2004, PM25_2001, PM25_2002, PM25_2003, PM25_2004"
"080111",4,3,50.4527,-104.616,"NO2_2011, NO2_2012, NO2_2013, NO2_2014, NO2_2015, NO2_2016, NO2_2017, NO2_2018, NO2_2019, NO2_2020, NO2_2021, NO2_2022, NO2_2023, O3_2011, O3_2012, O3_2013, O3_2014, O3_2015, O3_2016, O3_2017, O3_2018, O3_2019, O3_2020, O3_2021, O3_2022, O3_2023, PM25_2011, PM25_2012, PM25_2013, PM25_2014, PM25_2015, PM25_2016, PM25_2017, PM25_2018, PM25_2019, PM25_2020, PM25_2021, PM25_2022, PM25_2023"
"090132",3,4,53.486,-113.4646,"PM25_2008, PM25_2009, PM25_2010, PM25_2011, PM25_2012, PM25_2013, PM25_2014, PM25_2015, PM25_2016, PM25_2017, PM25_2018, PM25_2019, PM25_2020, PM25_2021, PM25_2022, PM25_2023"
"090140",4,4,53.5495,-113.4859,"NO2_2020, NO2_2021, NO2_2022, NO2_2023, O3_2020, O3_2021, O3_2022, O3_2023, PM25_2020, PM25_2021, PM25_2022, PM25_2023"
"090141",4,3,53.4978,-113.527,"NO2_2021, NO2_2022, NO2_2023, O3_2021, O3_2022, O3_2023, PM25_2021, PM25_2022, PM25_2023"
"090222",6,6,51.079222,-114.141828,"NO2_1975, NO2_1976, NO2_1977, NO2_1978, NO2_1979, NO2_1980, NO2_1981, NO2_1982, NO2_1983, NO2_1984, NO2_1985, NO2_1986, NO2_1987, NO2_1988, NO2_1989, NO2_1990, NO2_1991, NO2_1992, NO2_1993, NO2_1994, NO2_1995, NO2_1996, NO2_1997, NO2_1998, NO2_1999, NO2_2000, NO2_2001, NO2_2003, NO2_2004, O3_1974, O3_1975, O3_1976, O3_1977, O3_1978, O3_1979, O3_1980, O3_1981, O3_1982, O3_1983, O3_1984, O3_1985, O3_1986, O3_1987, O3_1988, O3_1989, O3_1990, O3_1991, O3_1992, O3_1993, O3_1994, O3_1995, O3_1996, O3_1997, O3_1998, O3_1999, O3_2000, O3_2001, O3_2003, O3_2004, PM25_2002, PM25_2003, PM25_2004"
"090230",4,4,51.0309,-114.0091,"NO2_2015, NO2_2016, NO2_2017, NO2_2018, NO2_2019, NO2_2020, NO2_2021, NO2_2022, NO2_2023, O3_2015, O3_2016, O3_2017, O3_2018, O3_2019, O3_2020, O3_2021, O3_2022, O3_2023, PM25_2015, PM25_2016, PM25_2017, PM25_2018, PM25_2019, PM25_2020, PM25_2021, PM25_2022, PM25_2023"
"090303",3,3,52.297,-113.855,"NO2_2005, NO2_2006, O3_2005, O3_2006"
"090806",4,4,57.1492,-111.6424,"NO2_2004, NO2_2005, NO2_2006, NO2_2008, NO2_2009, NO2_2010, NO2_2011, NO2_2012, NO2_2013, NO2_2014, NO2_2015, NO2_2016, NO2_2017, NO2_2018, NO2_2019, NO2_2020, NO2_2021, NO2_2022, NO2_2023, O3_2004, O3_2005, O3_2006, O3_2008, O3_2009, O3_2010, O3_2011, O3_2012, O3_2013, O3_2014, O3_2015, O3_2016, O3_2017, O3_2018, O3_2019, O3_2020, O3_2021, O3_2022, O3_2023, PM25_2004, PM25_2005, PM25_2006, PM25_2008, PM25_2009, PM25_2010, PM25_2011, PM25_2012, PM25_2013, PM25_2014, PM25_2015, PM25_2016, PM25_2017, PM25_2018, PM25_2019, PM25_2020, PM25_2021, PM25_2022, PM25_2023"
"091601",6,7,53.621062,-115.8869155,"NO2_1998, NO2_1999, NO2_2000, NO2_2001, NO2_2003, NO2_2004, O3_1998, O3_1999, O3_2000, O3_2001, O3_2003, O3_2004"
"092001",4,4,55.1766,-118.8078,"NO2_2005, NO2_2006, NO2_2007, NO2_2008, NO2_2009, NO2_2010, NO2_2011, NO2_2012, NO2_2013, NO2_2014, NO2_2015, NO2_2016, NO2_2017, NO2_2018, NO2_2019, NO2_2020, NO2_2021, NO2_2022, NO2_2023, O3_2005, O3_2006, O3_2007, O3_2008, O3_2009, O3_2010, O3_2011, O3_2012, O3_2013, O3_2014, O3_2015, O3_2016, O3_2017, O3_2018, O3_2019, O3_2020, O3_2021, O3_2022, O3_2023, PM25_2005, PM25_2006, PM25_2007, PM25_2008, PM25_2009, PM25_2010, PM25_2011, PM25_2012, PM25_2013, PM25_2014, PM25_2015, PM25_2016, PM25_2017, PM25_2018, PM25_2019, PM25_2020, PM25_2021, PM25_2022, PM25_2023"
"092001",6,6,55.176636,-118.807756,"NO2_2004, O3_2004, PM25_2004"
"092101",4,4,57.2808,-111.5257,"NO2_2004, NO2_2005, NO2_2006, NO2_2007, NO2_2008, NO2_2009, NO2_2012, PM25_2005, PM25_2006, PM25_2007, PM25_2008, PM25_2009, PM25_2012"
"092701",4,4,51.2924,-114.0028,"NO2_2005, NO2_2006, NO2_2007, O3_2005, O3_2006, O3_2007, PM25_2006, PM25_2007"
"093001",4,4,55.1172,-118.7647,"PM25_2005, PM25_2006, PM25_2007, PM25_2008, PM25_2009, PM25_2010, PM25_2011, PM25_2012, PM25_2013, PM25_2014, PM25_2015, PM25_2016, PM25_2017, PM25_2018, PM25_2019, PM25_2020, PM25_2021"
"093101",4,4,53.3016,-114.2211,"NO2_2005, NO2_2006, NO2_2007, NO2_2008, NO2_2009, NO2_2011, NO2_2012, NO2_2013, NO2_2014, NO2_2015, NO2_2016, NO2_2017, NO2_2018, NO2_2019, NO2_2020, NO2_2021, NO2_2022, NO2_2023, O3_2005, O3_2006, O3_2007, O3_2008, O3_2009, O3_2011, O3_2012, O3_2013, O3_2014, O3_2015, O3_2016, O3_2017, O3_2018, O3_2019, O3_2020, O3_2021, O3_2022, O3_2023, PM25_2005, PM25_2006, PM25_2007, PM25_2008, PM25_2009, PM25_2011, PM25_2012, PM25_2013, PM25_2014, PM25_2015, PM25_2016, PM25_2017, PM25_2018, PM25_2019, PM25_2020, PM25_2021, PM25_2022, PM25_2023"
"093301",4,3,51.5437,-114.361,"NO2_2005, O3_2005"
"093401",4,4,51.2853,-113.4376,"NO2_2005, NO2_2006, O3_2005, O3_2006"
"093501",4,4,52.1249,-113.4921,"NO2_2005, O3_2005, O3_2014"
"093701",4,4,52.4302,-113.1045,"NO2_2005, O3_2005"
"093801",2,4,53.53,-114.6361,"NO2_2005, NO2_2006, NO2_2007, NO2_2008, NO2_2009, NO2_2010, NO2_2011, NO2_2012, NO2_2013, NO2_2014, NO2_2015, NO2_2016, NO2_2017, NO2_2018, NO2_2019, NO2_2020, NO2_2021, NO2_2022, NO2_2023"
"093901",3,4,53.633,-114.4199,"NO2_2005, NO2_2006, NO2_2007, NO2_2008, NO2_2009, NO2_2010, NO2_2011, NO2_2012, NO2_2013, NO2_2014, NO2_2015, NO2_2016, NO2_2017, NO2_2018, NO2_2019, NO2_2020, NO2_2021, NO2_2022, NO2_2023, PM25_2005, PM25_2006, PM25_2007, PM25_2008, PM25_2009, PM25_2010, PM25_2011, PM25_2012, PM25_2013, PM25_2014, PM25_2015, PM25_2016, PM25_2017, PM25_2018, PM25_2019, PM25_2020, PM25_2021, PM25_2022, PM25_2023"
"094101",4,4,51.4845,-114.3752,"NO2_2005, O3_2005"
"094201",4,4,53.3845,-114.4086,"NO2_2005, NO2_2006, NO2_2007, NO2_2008, NO2_2009"
"094202",4,4,53.4243,-114.3749,"NO2_2010, NO2_2011, NO2_2012, NO2_2013, NO2_2014, NO2_2015, NO2_2016, NO2_2017, NO2_2018, NO2_2019, NO2_2020, NO2_2021, NO2_2022, NO2_2023"
"094401",4,4,54.2165,-111.5026,"NO2_2010, NO2_2011, NO2_2012, NO2_2013, NO2_2014, NO2_2015, NO2_2016, NO2_2017, NO2_2018, NO2_2019, NO2_2020, NO2_2021, NO2_2022, NO2_2023, O3_2010, O3_2011, O3_2012, O3_2013, O3_2014, O3_2015, O3_2016, O3_2017, O3_2018, O3_2019, O3_2020, O3_2021, O3_2022, O3_2023, PM25_2010, PM25_2011, PM25_2012, PM25_2013, PM25_2014, PM25_2015, PM25_2016, PM25_2017, PM25_2018, PM25_2019, PM25_2020, PM25_2021, PM25_2022, PM25_2023"
"100213",4,4,53.9353,-122.6814,"PM25_2010, PM25_2011, PM25_2012"
"100214",4,4,53.9053,-122.7344,"PM25_2010, PM25_2011, PM25_2012"
"100304",6,6,48.441942,-123.363165,"NO2_1998, NO2_1999, NO2_2000, NO2_2001, NO2_2003, NO2_2004, O3_1998, O3_1999, O3_2000, O3_2001, O3_2003, O3_2004, PM25_1998, PM25_1999, PM25_2000, PM25_2001, PM25_2002, PM25_2003, PM25_2004"
"100402",4,3,50.7025,-120.394,"NO2_1998, NO2_1999, NO2_2000, NO2_2001, NO2_2002, NO2_2003, NO2_2004, NO2_2005, NO2_2006, NO2_2007, NO2_2008, O3_1998, O3_1999, O3_2000, O3_2001, O3_2002, O3_2003, O3_2004, O3_2005, O3_2006, O3_2007, O3_2008, O3_2009, PM25_1998, PM25_1999, PM25_2000, PM25_2001, PM25_2002, PM25_2003, PM25_2004, PM25_2005, PM25_2006, PM25_2007, PM25_2008, PM25_2009"
"100701",6,6,49.862336,-119.477367,"NO2_1998, NO2_1999, NO2_2000, NO2_2001, NO2_2003, NO2_2004, O3_1987, O3_1988, O3_1990, O3_1991, O3_1992, O3_1993, O3_1994, O3_1995, O3_1996, O3_1997, O3_1998, O3_1999, O3_2000, O3_2001, O3_2003, O3_2004, PM25_1998, PM25_1999, PM25_2000, PM25_2001, PM25_2002, PM25_2003, PM25_2004"
"101101",6,6,49.155848,-121.940279,"NO2_1986, NO2_1990, NO2_1991, NO2_1992, NO2_1993, NO2_1994, NO2_1995, NO2_1996, NO2_1997, NO2_1998, NO2_1999, NO2_2000, NO2_2001, NO2_2003, NO2_2004, O3_1982, O3_1983, O3_1984, O3_1985, O3_1986, O3_1987, O3_1988, O3_1989, O3_1990, O3_1991, O3_1992, O3_1993, O3_1994, O3_1995, O3_1996, O3_1997, O3_1998, O3_1999, O3_2000, O3_2001, O3_2003, O3_2004, PM25_1995, PM25_1996, PM25_1997, PM25_1998, PM25_1999, PM25_2000, PM25_2001, PM25_2002, PM25_2003, PM25_2004"
"101601",6,6,49.700098,-123.154216,"O3_1995, O3_1996, O3_1997, O3_1998, O3_1999, O3_2000, O3_2001, O3_2003, O3_2004"
"101701",6,6,52.981686,-112.493227,"NO2_2003, NO2_2004, O3_2003, O3_2004, PM25_2000, PM25_2001, PM25_2002, PM25_2003, PM25_2004"
"101704",4,4,52.9664,-122.5167,"PM25_2000, PM25_2001, PM25_2002, PM25_2003, PM25_2004, PM25_2005, PM25_2006, PM25_2007, PM25_2008, PM25_2009, PM25_2010, PM25_2011, PM25_2012, PM25_2013"
"102301",6,6,49.866905,-124.521819,"NO2_1999, NO2_2000, NO2_2001, NO2_2003, NO2_2004, PM25_1998, PM25_1999, PM25_2000, PM25_2001, PM25_2002, PM25_2003, PM25_2004"
"102303",4,4,49.8893,-124.5624,"PM25_2009, PM25_2010, PM25_2011, PM25_2012, PM25_2013, PM25_2014, PM25_2015, PM25_2016, PM25_2017, PM25_2018, PM25_2019, PM25_2020, PM25_2021, PM25_2022, PM25_2023"
"102401",6,6,54.783308,-127.177324,"NO2_1999, NO2_2000, NO2_2001, NO2_2003, NO2_2004, O3_1999, O3_2000, O3_2001, O3_2003, O3_2004"
"102501",6,6,54.518437,-128.597251,"PM25_2003, PM25_2004"
"102702",4,3,52.1161,-122.132,"PM25_2001, PM25_2002, PM25_2003, PM25_2004, PM25_2005, PM25_2006, PM25_2007"
"103202",6,6,51.297497,-116.966852,"PM25_2002, PM25_2003, PM25_2004"
"103205",4,3,51.2958,-116.972,"NO2_2005, NO2_2006, O3_2005, O3_2006, PM25_2005, PM25_2006, PM25_2007"
"103906",4,4,54.0194,-128.7042,"PM25_2010, PM25_2011, PM25_2012, PM25_2014, PM25_2015"
"104003",6,6,50.260617,-119.270723,"NO2_2003, NO2_2004, O3_2003, O3_2004, PM25_2002, PM25_2003, PM25_2004"
"104301",6,6,56.150186,-120.686985,"NO2_1999, NO2_2000, NO2_2001, O3_1999, O3_2000, O3_2001"
"105001",6,6,50.144285,-122.960402,"NO2_2003, NO2_2004, O3_2001, O3_2003, O3_2004"
"105101",6,6,54.398594,-126.646833,"PM25_2001, PM25_2002, PM25_2003, PM25_2004"
"105301",6,6,49.438848,-123.479185,"NO2_2001, NO2_2003, NO2_2004"
"105501",6,6,56.245855,-120.848363,"PM25_2001, PM25_2002, PM25_2003"
"105604",0,4,49,-119.4625,"NO2_2004, O3_2004, PM25_2004"
"106700",3,4,48.838,-123.6552,"NO2_2009, NO2_2010, NO2_2011, NO2_2012, NO2_2013, PM25_2009, PM25_2010, PM25_2011, PM25_2012, PM25_2013"
"119003",6,6,60.718609,-135.049193,"NO2_2001, NO2_2003, NO2_2004, O3_2001, O3_2003, O3_2004, PM25_2001, PM25_2002, PM25_2003, PM25_2004"
"129701",4,3,61.8628,-121.353,"NO2_2023, O3_2023, PM25_2023"
